customer_id,membership_period,평균 count개,customer_id(클러스터)
AS002855,29,4.50,클러스터3
AS008805,9,4.00,클러스터5
AS009013,8,2.00,클러스터2
AS009373,41,5.08,클러스터1
AS015233,11,7.55,클러스터4
AS015315,45,4.83,클러스터1
AS015739,22,5.58,클러스터3
AS015746,8,2.60,클러스터2
AS019120,2,5.33,클러스터5
AS019860,18,6.08,클러스터3
AS024181,30,5.08,클러스터3
AS025956,9,4.40,클러스터5
AS029624,8,4.78,클러스터5
AS030404,12,1.00,클러스터2
AS030590,1,12.00,클러스터4
AS031206,28,5.25,클러스터3
AS036678,35,5.08,클러스터1
AS038564,42,4.17,클러스터1
AS040841,23,6.00,클러스터3
AS040860,32,5.50,클러스터1
AS046594,13,7.17,클러스터4
AS047907,22,4.00,클러스터3
AS055659,15,7.58,클러스터4
AS055680,3,3.00,클러스터2
AS057808,32,4.75,클러스터1
AS058623,47,4.50,클러스터1
AS060041,22,6.67,클러스터3
AS062717,4,3.80,클러스터5
AS065785,3,8.33,클러스터4
AS065870,45,4.67,클러스터1
AS067995,3,5.25,클러스터5
AS069263,2,4.67,클러스터5
AS069821,47,4.08,클러스터1
AS070625,17,6.00,클러스터3
AS071660,25,5.25,클러스터3
AS073168,17,6.08,클러스터3
AS073285,31,4.92,클러스터1
AS076940,1,7.00,클러스터4
AS077151,39,5.17,클러스터1
AS080039,2,5.33,클러스터5
AS082596,15,6.50,클러스터3
AS090627,4,5.20,클러스터5
AS092144,44,4.33,클러스터1
AS092688,5,4.50,클러스터5
AS093634,6,8.17,클러스터4
AS098763,23,3.70,클러스터3
AS099118,46,4.50,클러스터1
AS099984,46,4.50,클러스터1
AS100947,11,6.91,클러스터4
AS105107,42,3.92,클러스터1
AS107662,22,6.17,클러스터3
AS108195,36,4.17,클러스터1
AS108507,28,6.33,클러스터3
AS113826,26,4.67,클러스터3
AS115107,1,2.00,클러스터2
AS115149,8,4.11,클러스터5
AS115629,8,3.44,클러스터2
AS116472,5,5.00,클러스터5
AS118198,4,8.75,클러스터4
AS123220,25,5.33,클러스터3
AS124155,7,8.86,클러스터4
AS124354,43,4.58,클러스터1
AS131358,2,5.67,클러스터5
AS132988,44,5.33,클러스터1
AS136184,19,6.08,클러스터3
AS137764,42,4.67,클러스터1
AS139288,5,8.60,클러스터4
AS141460,39,4.75,클러스터1
AS145720,6,8.00,클러스터4
AS147168,9,1.00,클러스터2
AS147485,23,5.42,클러스터3
AS152185,40,4.83,클러스터1
AS157629,10,3.20,클러스터2
AS158438,25,5.33,클러스터3
AS161071,14,6.83,클러스터4
AS163543,4,4.20,클러스터5
AS169823,7,3.00,클러스터2
AS170379,25,6.08,클러스터3
AS170643,7,7.00,클러스터4
AS171842,34,5.75,클러스터1
AS171994,45,4.58,클러스터1
AS172434,3,5.50,클러스터5
AS174345,20,3.78,클러스터3
AS175707,24,6.00,클러스터3
AS176615,5,4.67,클러스터5
AS177253,8,4.00,클러스터5
AS182308,4,9.00,클러스터4
AS183155,47,4.50,클러스터1
AS185951,9,3.80,클러스터2
AS186727,25,5.08,클러스터3
AS189336,5,3.20,클러스터2
AS190883,24,5.83,클러스터3
AS192901,2,9.00,클러스터4
AS193568,14,6.58,클러스터3
AS194595,25,5.17,클러스터3
AS194818,2,4.33,클러스터5
AS195052,6,3.57,클러스터5
AS196653,27,5.33,클러스터3
AS197200,12,8.25,클러스터4
AS200286,9,4.90,클러스터5
AS206541,4,2.50,클러스터2
AS207011,26,5.33,클러스터3
AS210576,7,4.00,클러스터5
AS210846,12,3.70,클러스터2
AS211303,8,8.00,클러스터4
AS211705,42,5.17,클러스터1
AS211927,37,4.75,클러스터1
AS212132,8,3.56,클러스터2
AS212221,21,5.83,클러스터3
AS217722,10,7.30,클러스터4
AS218636,35,5.67,클러스터1
AS220726,8,4.33,클러스터5
AS220894,11,3.78,클러스터2
AS222240,2,8.00,클러스터4
AS227898,41,4.42,클러스터1
AS235724,16,7.25,클러스터3
AS236198,2,9.00,클러스터4
AS237205,18,6.42,클러스터3
AS240190,37,5.00,클러스터1
AS240586,32,5.58,클러스터1
AS247467,6,4.29,클러스터5
AS248090,32,5.08,클러스터1
AS248948,33,5.00,클러스터1
AS251112,36,4.67,클러스터1
AS251169,9,5.20,클러스터5
AS251921,2,5.00,클러스터5
AS256239,34,4.33,클러스터1
AS258098,42,3.92,클러스터1
AS259792,11,3.50,클러스터2
AS263080,9,4.00,클러스터5
AS265381,4,9.00,클러스터4
AS271899,1,5.00,클러스터5
AS272193,22,5.58,클러스터3
AS273321,2,4.33,클러스터5
AS273414,35,4.50,클러스터1
AS275166,42,3.50,클러스터1
AS275287,40,4.08,클러스터1
AS275753,26,4.75,클러스터3
AS279781,3,6.00,클러스터5
AS280744,23,3.50,클러스터3
AS280807,2,5.00,클러스터5
AS280969,5,5.33,클러스터5
AS282618,28,5.50,클러스터3
AS285092,1,9.00,클러스터4
AS288237,2,8.50,클러스터4
AS288339,25,5.33,클러스터3
AS288569,15,6.92,클러스터3
AS294655,30,4.75,클러스터3
AS297966,41,5.25,클러스터1
AS299544,46,4.08,클러스터1
AS301190,5,4.00,클러스터5
AS303294,24,4.92,클러스터3
AS305652,12,5.55,클러스터5
AS305860,12,3.33,클러스터2
AS306340,6,8.83,클러스터4
AS309101,42,3.75,클러스터1
AS310166,4,9.25,클러스터4
AS310564,9,1.00,클러스터2
AS311628,28,4.67,클러스터3
AS319907,14,7.25,클러스터4
AS320552,37,4.67,클러스터1
AS321794,21,3.56,클러스터3
AS330327,2,9.50,클러스터4
AS333307,3,5.25,클러스터5
AS333662,3,10.33,클러스터4
AS335390,27,5.75,클러스터3
AS335973,3,8.00,클러스터4
AS339451,33,4.42,클러스터1
AS342526,31,4.92,클러스터1
AS345469,11,3.67,클러스터2
AS345508,21,5.83,클러스터3
AS346579,38,4.67,클러스터1
AS347139,1,7.00,클러스터4
AS347661,10,2.00,클러스터2
AS348132,4,7.75,클러스터4
AS349963,4,7.75,클러스터4
AS351574,7,3.25,클러스터2
AS352069,4,4.20,클러스터5
AS352209,39,4.08,클러스터1
AS353422,37,4.92,클러스터1
AS354246,1,7.00,클러스터4
AS355842,2,6.33,클러스터5
AS356812,23,6.08,클러스터3
AS359364,42,3.75,클러스터1
AS363699,4,3.33,클러스터5
AS365290,10,4.00,클러스터2
AS369194,22,3.36,클러스터3
AS369418,25,5.42,클러스터3
AS371310,37,4.75,클러스터1
AS373785,9,1.00,클러스터2
AS374280,35,5.67,클러스터1
AS375159,3,8.00,클러스터4
AS376179,4,6.75,클러스터4
AS377637,19,5.67,클러스터3
AS383234,17,3.00,클러스터2
AS385315,15,7.17,클러스터4
AS386696,44,4.00,클러스터1
AS388908,8,3.67,클러스터2
AS390441,17,5.58,클러스터3
AS394423,28,6.08,클러스터3
AS399435,33,4.50,클러스터1
AS404195,26,4.92,클러스터3
AS404579,42,4.75,클러스터1
AS408690,7,8.71,클러스터4
AS409779,6,5.00,클러스터5
AS410205,37,4.50,클러스터1
AS412668,17,7.00,클러스터3
AS415524,3,8.67,클러스터4
AS417148,6,8.00,클러스터4
AS417309,2,1.00,클러스터2
AS417696,9,2.00,클러스터2
AS418314,2,5.67,클러스터5
AS421462,2,5.67,클러스터5
AS428439,10,3.50,클러스터2
AS430089,20,3.25,클러스터2
AS430563,7,3.29,클러스터2
AS433133,2,9.50,클러스터4
AS435092,12,2.25,클러스터2
AS436928,33,4.58,클러스터1
AS441031,6,4.00,클러스터5
AS448355,13,2.00,클러스터2
AS450151,2,4.33,클러스터5
AS453084,19,6.83,클러스터3
AS453157,35,4.42,클러스터1
AS453778,33,4.08,클러스터1
AS454149,26,4.08,클러스터3
AS458614,25,5.33,클러스터3
AS460177,34,4.67,클러스터1
AS460629,9,7.56,클러스터4
AS460655,21,3.82,클러스터3
AS460810,8,5.00,클러스터5
AS462796,41,5.00,클러스터1
AS462883,16,4.00,클러스터2
AS462937,2,5.00,클러스터5
AS462973,29,5.08,클러스터3
AS466656,29,4.67,클러스터3
AS467237,37,4.17,클러스터1
AS467683,28,5.25,클러스터3
AS468297,43,4.00,클러스터1
AS470817,39,4.33,클러스터1
AS471761,10,6.50,클러스터4
AS472959,6,4.86,클러스터5
AS473535,10,4.13,클러스터5
AS475839,31,5.58,클러스터3
AS476267,47,4.92,클러스터1
AS477871,3,1.00,클러스터2
AS480037,8,1.50,클러스터2
AS484213,2,5.00,클러스터5
AS484367,5,3.83,클러스터5
AS488509,12,4.18,클러스터2
AS489357,4,8.75,클러스터4
AS491316,2,4.00,클러스터5
AS491747,10,4.60,클러스터5
AS494168,14,8.00,클러스터4
AS495117,32,3.58,클러스터1
AS499352,27,5.67,클러스터3
AS499893,39,4.25,클러스터1
AS501123,6,5.57,클러스터5
AS502510,4,4.40,클러스터5
AS506797,24,5.58,클러스터3
AS509237,8,4.00,클러스터5
AS510249,1,6.50,클러스터4
AS512827,8,2.75,클러스터2
AS515526,41,5.00,클러스터1
AS515541,13,7.17,클러스터4
AS515861,21,3.00,클러스터2
AS516140,37,5.00,클러스터1
AS516396,19,4.50,클러스터3
AS517285,9,8.56,클러스터4
AS518169,29,5.50,클러스터3
AS525250,1,5.50,클러스터5
AS526754,4,7.25,클러스터4
AS529972,4,3.25,클러스터5
AS531034,15,7.75,클러스터4
AS534058,36,4.08,클러스터1
AS535481,23,5.00,클러스터3
AS543483,9,2.67,클러스터2
AS546422,11,4.75,클러스터5
AS546865,12,3.78,클러스터2
AS547635,19,6.58,클러스터3
AS548544,17,6.08,클러스터3
AS549090,4,4.20,클러스터5
AS550302,15,6.67,클러스터3
AS551109,6,7.33,클러스터4
AS552198,24,5.33,클러스터3
AS554975,19,5.92,클러스터3
AS557018,6,4.14,클러스터5
AS563124,21,5.08,클러스터3
AS568373,2,7.00,클러스터4
AS568468,5,4.50,클러스터5
AS569518,22,5.00,클러스터3
AS571298,20,3.73,클러스터3
AS574816,36,4.33,클러스터1
AS575508,9,3.00,클러스터2
AS575700,39,4.08,클러스터1
AS577195,6,4.86,클러스터5
AS580776,5,3.83,클러스터5
AS581309,5,4.17,클러스터5
AS581751,36,5.08,클러스터1
AS582110,11,1.00,클러스터2
AS582348,3,4.50,클러스터5
AS582607,28,5.17,클러스터3
AS584134,8,4.22,클러스터5
AS584189,41,4.25,클러스터1
AS586641,12,3.60,클러스터2
AS587750,32,4.83,클러스터1
AS588076,18,5.75,클러스터3
AS588186,39,3.92,클러스터1
AS589687,16,7.17,클러스터3
AS594062,11,3.75,클러스터2
AS603613,43,4.75,클러스터1
AS609865,10,8.10,클러스터4
AS610675,8,7.88,클러스터4
AS611649,9,8.00,클러스터4
AS612530,2,4.33,클러스터5
AS614406,42,4.25,클러스터1
AS614421,46,5.08,클러스터1
AS618299,15,7.00,클러스터4
AS620051,4,8.50,클러스터4
AS621407,23,5.42,클러스터3
AS621552,37,5.25,클러스터1
AS621674,2,9.50,클러스터4
AS622023,34,5.00,클러스터1
AS625761,25,5.83,클러스터3
AS625883,47,4.75,클러스터1
AS627304,13,8.08,클러스터4
AS628460,8,3.33,클러스터2
AS628722,10,4.45,클러스터5
AS632327,18,6.33,클러스터3
AS634661,22,3.18,클러스터3
AS636570,17,6.25,클러스터3
AS637476,45,4.25,클러스터1
AS639549,7,4.38,클러스터5
AS642796,33,4.00,클러스터1
AS645809,7,3.88,클러스터5
AS647421,47,4.50,클러스터1
AS648913,37,5.08,클러스터1
AS649439,17,6.00,클러스터3
AS650043,26,5.08,클러스터3
AS654830,10,6.80,클러스터4
AS654955,3,7.67,클러스터4
AS656522,32,5.67,클러스터1
AS660812,12,4.82,클러스터5
AS662285,24,5.92,클러스터3
AS662863,33,4.50,클러스터1
AS665097,6,4.00,클러스터5
AS670699,41,4.75,클러스터1
AS671429,10,3.25,클러스터2
AS672229,2,8.50,클러스터4
AS676181,12,3.80,클러스터2
AS677229,9,2.83,클러스터2
AS677499,6,5.14,클러스터5
AS677821,46,3.92,클러스터1
AS679641,38,5.08,클러스터1
AS680056,7,4.75,클러스터5
AS683150,4,9.25,클러스터4
AS693220,25,5.42,클러스터3
AS694687,1,8.00,클러스터4
AS695311,2,10.00,클러스터4
AS696210,2,7.00,클러스터4
AS699883,18,6.50,클러스터3
AS700549,18,1.00,클러스터2
AS700935,20,5.17,클러스터3
AS703258,20,5.92,클러스터3
AS704643,38,4.83,클러스터1
AS706877,19,6.33,클러스터3
AS707671,22,6.00,클러스터3
AS708113,6,4.43,클러스터5
AS710403,3,8.33,클러스터4
AS710637,4,8.25,클러스터4
AS712913,43,5.00,클러스터1
AS716291,24,5.17,클러스터3
AS717316,13,3.00,클러스터2
AS719693,4,8.00,클러스터4
AS719871,20,6.42,클러스터3
AS721170,9,3.70,클러스터2
AS722513,3,5.25,클러스터5
AS722697,8,4.00,클러스터5
AS723178,11,2.33,클러스터2
AS726272,19,6.00,클러스터3
AS726714,45,4.33,클러스터1
AS727718,30,5.08,클러스터3
AS728164,2,4.67,클러스터5
AS732240,47,4.67,클러스터1
AS734592,47,5.33,클러스터1
AS734767,32,4.75,클러스터1
AS736503,6,4.57,클러스터5
AS736672,43,4.58,클러스터1
AS739640,1,10.00,클러스터4
AS741333,20,5.67,클러스터3
AS742617,30,5.42,클러스터3
AS744154,12,4.67,클러스터5
AS745792,4,4.00,클러스터5
AS748245,8,4.44,클러스터5
AS749085,3,8.33,클러스터4
AS756169,32,5.00,클러스터1
AS756586,37,4.83,클러스터1
AS756694,12,3.50,클러스터2
AS758226,20,6.42,클러스터3
AS760415,9,8.89,클러스터4
AS761330,34,4.75,클러스터1
AS766856,37,4.17,클러스터1
AS771185,40,4.42,클러스터1
AS771307,23,4.17,클러스터3
AS772036,34,4.50,클러스터1
AS776002,18,3.30,클러스터2
AS777651,47,4.17,클러스터1
AS778425,2,7.00,클러스터4
AS779688,3,8.67,클러스터4
AS779956,34,5.08,클러스터1
AS781999,24,5.42,클러스터3
AS786819,30,5.33,클러스터3
AS790905,39,4.17,클러스터1
AS795406,28,5.33,클러스터3
AS798945,32,4.92,클러스터1
AS799981,32,5.58,클러스터1
AS800531,32,5.08,클러스터1
AS811755,12,4.22,클러스터2
AS812685,28,5.25,클러스터3
AS814353,11,8.09,클러스터4
AS814944,7,2.60,클러스터2
AS818410,27,5.58,클러스터3
AS820169,3,4.50,클러스터5
AS822877,10,7.40,클러스터4
AS823436,8,4.89,클러스터5
AS824458,11,3.33,클러스터2
AS826583,37,4.08,클러스터1
AS828036,2,9.50,클러스터4
AS828426,45,4.17,클러스터1
AS834214,12,3.00,클러스터2
AS834706,46,4.75,클러스터1
AS838065,8,4.57,클러스터5
AS840069,34,4.92,클러스터1
AS841064,5,8.20,클러스터4
AS842977,23,4.00,클러스터3
AS844339,12,3.00,클러스터2
AS846781,7,3.50,클러스터2
AS846805,3,3.75,클러스터5
AS847598,8,7.88,클러스터4
AS854424,9,3.90,클러스터5
AS854458,8,4.11,클러스터5
AS857207,47,4.50,클러스터1
AS857991,4,7.50,클러스터4
AS859775,10,8.10,클러스터4
AS860362,14,6.50,클러스터3
AS863944,5,3.83,클러스터5
AS866446,40,4.33,클러스터1
AS867281,40,4.58,클러스터1
AS868124,45,4.92,클러스터1
AS868530,29,4.58,클러스터3
AS869895,23,4.92,클러스터3
AS870817,28,5.08,클러스터3
AS873051,14,4.22,클러스터2
AS875048,44,5.17,클러스터1
AS879331,16,5.83,클러스터3
AS886138,18,6.67,클러스터3
AS886872,12,7.42,클러스터4
AS888896,21,3.00,클러스터2
AS890023,8,3.20,클러스터2
AS896608,36,4.75,클러스터1
AS897341,4,7.00,클러스터4
AS897421,14,6.67,클러스터4
AS902294,21,5.83,클러스터3
AS904548,8,7.13,클러스터4
AS905403,4,9.50,클러스터4
AS906102,4,8.75,클러스터4
AS912483,4,8.50,클러스터4
AS913753,5,1.33,클러스터2
AS914120,7,5.50,클러스터5
AS914290,20,3.30,클러스터2
AS917021,8,2.00,클러스터2
AS918302,20,5.92,클러스터3
AS918754,3,8.00,클러스터4
AS920111,4,4.60,클러스터5
AS921334,1,9.00,클러스터4
AS924898,16,6.50,클러스터3
AS925147,3,6.67,클러스터4
AS925243,10,1.00,클러스터2
AS926099,40,4.83,클러스터1
AS926104,47,4.42,클러스터1
AS928923,11,3.29,클러스터2
AS929382,11,1.83,클러스터2
AS929514,24,5.50,클러스터3
AS931323,8,1.50,클러스터2
AS931712,21,2.50,클러스터2
AS933440,4,7.75,클러스터4
AS933597,45,3.92,클러스터1
AS934534,23,2.83,클러스터3
AS935662,7,4.63,클러스터5
AS936602,33,4.92,클러스터1
AS938080,3,4.75,클러스터5
AS938269,12,3.00,클러스터2
AS941998,22,5.75,클러스터3
AS942939,28,5.67,클러스터3
AS945488,37,5.08,클러스터1
AS946582,39,4.92,클러스터1
AS950313,38,3.92,클러스터1
AS957024,7,4.00,클러스터5
AS961301,38,3.75,클러스터1
AS963520,18,6.83,클러스터3
AS963713,4,3.60,클러스터5
AS963873,4,3.60,클러스터5
AS969133,26,6.17,클러스터3
AS970810,47,4.33,클러스터1
AS972005,7,4.25,클러스터5
AS976422,6,8.33,클러스터4
AS977127,24,6.17,클러스터3
AS978283,12,2.80,클러스터2
AS980426,11,4.00,클러스터2
AS981537,14,6.92,클러스터4
AS984922,23,5.58,클러스터3
AS987950,8,7.50,클러스터4
AS988792,31,5.50,클러스터3
AS988921,30,5.67,클러스터3
AS992593,24,5.58,클러스터3
AS992895,36,3.50,클러스터1
AS993100,8,8.38,클러스터4
AS994696,35,4.83,클러스터1
AS995937,17,6.83,클러스터3
AS997107,18,5.92,클러스터3
AS998210,4,8.00,클러스터4
AS998566,33,5.83,클러스터1
GD001473,5,4.17,클러스터5
GD001777,40,3.92,클러스터1
GD001932,10,5.55,클러스터5
GD004422,43,5.67,클러스터1
GD008122,5,8.40,클러스터4
GD009242,45,4.75,클러스터1
GD010455,41,4.83,클러스터1
GD012037,20,5.83,클러스터3
GD015238,6,4.57,클러스터5
GD020114,1,11.00,클러스터4
GD020270,41,4.25,클러스터1
GD022268,47,4.17,클러스터1
GD024299,41,3.75,클러스터1
GD025393,25,6.75,클러스터3
GD029159,29,4.83,클러스터3
GD030141,7,8.14,클러스터4
GD032887,22,5.75,클러스터3
GD037007,1,8.00,클러스터4
GD038969,6,4.33,클러스터5
GD039425,47,4.67,클러스터1
GD040768,31,4.67,클러스터1
GD045563,19,4.36,클러스터3
GD049091,22,2.00,클러스터2
GD057803,5,2.50,클러스터2
GD059086,21,6.17,클러스터3
GD064521,42,4.67,클러스터1
GD065188,19,6.33,클러스터3
GD067591,24,5.42,클러스터3
GD069335,1,7.00,클러스터4
GD069878,35,3.92,클러스터1
GD070247,24,5.92,클러스터3
GD071524,2,7.00,클러스터4
GD079438,7,7.43,클러스터4
GD080608,18,6.17,클러스터3
GD081993,32,5.50,클러스터1
GD082270,2,6.00,클러스터5
GD082396,43,4.83,클러스터1
GD082530,11,7.45,클러스터4
GD083655,36,5.17,클러스터1
GD084870,45,4.17,클러스터1
GD085038,31,5.50,클러스터3
GD086589,8,2.00,클러스터2
GD086932,24,5.58,클러스터3
GD087620,11,3.50,클러스터2
GD092126,2,4.33,클러스터5
GD094728,3,5.75,클러스터5
GD094886,37,4.33,클러스터1
GD095067,3,3.00,클러스터2
GD096542,1,5.00,클러스터5
GD098851,11,5.42,클러스터5
GD099906,36,4.33,클러스터1
GD100850,26,5.17,클러스터3
GD106268,28,4.75,클러스터3
GD106824,25,4.83,클러스터3
GD109842,14,8.17,클러스터4
GD110372,18,6.50,클러스터3
GD112262,14,7.33,클러스터4
GD114852,14,7.67,클러스터4
GD115359,23,5.00,클러스터3
GD115456,8,3.67,클러스터2
GD121504,4,9.25,클러스터4
GD121535,6,4.14,클러스터5
GD125079,38,3.75,클러스터1
GD126264,26,5.08,클러스터3
GD126553,47,5.33,클러스터1
GD134164,11,4.20,클러스터5
GD137323,6,5.57,클러스터5
GD138948,45,4.92,클러스터1
GD139130,18,7.08,클러스터3
GD139734,6,7.67,클러스터4
GD141355,39,4.50,클러스터1
GD141776,21,5.42,클러스터3
GD144013,4,7.25,클러스터4
GD148951,4,5.60,클러스터5
GD149816,12,3.33,클러스터2
GD149871,4,8.75,클러스터4
GD151877,3,4.25,클러스터5
GD152639,42,3.83,클러스터1
GD152773,8,7.63,클러스터4
GD155364,12,3.67,클러스터2
GD161261,32,4.75,클러스터1
GD163149,47,4.92,클러스터1
GD163914,46,3.83,클러스터1
GD164396,11,4.44,클러스터5
GD165203,6,4.57,클러스터5
GD171613,11,4.44,클러스터5
GD172092,17,6.25,클러스터3
GD172229,6,4.00,클러스터5
GD172600,26,5.42,클러스터3
GD173197,26,5.17,클러스터3
GD174095,26,5.83,클러스터3
GD174951,8,4.67,클러스터5
GD176879,5,4.50,클러스터5
GD181791,21,5.67,클러스터3
GD182990,36,4.25,클러스터1
GD183457,37,5.58,클러스터1
GD187126,2,8.50,클러스터4
GD191107,12,3.00,클러스터2
GD191589,12,3.56,클러스터2
GD192337,9,8.22,클러스터4
GD192754,8,4.11,클러스터5
GD194770,34,4.33,클러스터1
GD198467,18,6.08,클러스터3
GD203795,9,4.70,클러스터5
GD206745,31,5.50,클러스터3
GD210507,11,4.67,클러스터5
GD212992,46,5.25,클러스터1
GD214739,47,5.42,클러스터1
GD216317,26,6.08,클러스터3
GD221439,23,5.33,클러스터3
GD223514,18,4.45,클러스터3
GD227601,32,5.25,클러스터1
GD228250,36,5.17,클러스터1
GD230002,28,5.58,클러스터3
GD230222,19,6.33,클러스터3
GD235669,45,4.67,클러스터1
GD238607,27,5.83,클러스터3
GD238730,23,4.83,클러스터3
GD241254,4,8.00,클러스터4
GD244145,2,8.50,클러스터4
GD254596,5,8.20,클러스터4
GD257285,21,5.58,클러스터3
GD257904,44,4.75,클러스터1
GD258009,21,5.17,클러스터3
GD259467,6,5.86,클러스터5
GD260951,8,7.63,클러스터4
GD261077,23,6.08,클러스터3
GD262737,19,6.33,클러스터3
GD264669,5,3.83,클러스터5
GD266112,44,3.75,클러스터1
GD269619,38,4.17,클러스터1
GD277267,2,9.50,클러스터4
GD280871,43,4.25,클러스터1
GD283160,10,2.00,클러스터2
GD283718,9,3.00,클러스터2
GD289305,40,4.50,클러스터1
GD289362,11,8.09,클러스터4
GD292406,8,5.11,클러스터5
GD292781,46,4.67,클러스터1
GD295789,13,7.08,클러스터4
GD296025,14,7.33,클러스터4
GD296555,12,2.50,클러스터2
GD297149,10,3.00,클러스터2
GD298325,28,5.25,클러스터3
GD300982,5,5.50,클러스터5
GD305966,1,6.00,클러스터5
GD306378,28,5.25,클러스터3
GD309433,9,4.10,클러스터5
GD311895,25,6.00,클러스터3
GD314208,9,4.20,클러스터5
GD316791,5,5.50,클러스터5
GD316957,27,5.92,클러스터3
GD318523,5,5.33,클러스터5
GD322464,5,8.80,클러스터4
GD323300,25,5.00,클러스터3
GD323923,42,4.58,클러스터1
GD324324,8,4.56,클러스터5
GD325128,15,3.00,클러스터2
GD325851,12,7.25,클러스터4
GD326524,11,4.50,클러스터5
GD327788,4,3.60,클러스터5
GD332587,6,1.00,클러스터2
GD332889,30,4.25,클러스터1
GD341063,17,7.33,클러스터3
GD343618,21,6.33,클러스터3
GD350258,4,2.00,클러스터2
GD350549,35,4.58,클러스터1
GD358411,3,8.67,클러스터4
GD360440,47,4.50,클러스터1
GD361244,26,5.42,클러스터3
GD362521,43,3.67,클러스터1
GD362869,7,4.13,클러스터5
GD364043,37,4.83,클러스터1
GD366297,17,7.08,클러스터3
GD367382,2,7.00,클러스터4
GD370248,11,3.00,클러스터2
GD372798,9,3.70,클러스터2
GD373024,1,6.00,클러스터5
GD373372,33,5.00,클러스터1
GD375438,23,3.40,클러스터3
GD375940,9,7.78,클러스터4
GD376049,16,6.92,클러스터3
GD378149,5,5.33,클러스터5
GD381952,20,5.92,클러스터3
GD382390,16,4.40,클러스터3
GD385195,9,7.56,클러스터4
GD387236,35,4.83,클러스터1
GD390022,1,8.00,클러스터4
GD390290,2,5.67,클러스터5
GD390442,19,3.57,클러스터2
GD394435,21,5.67,클러스터3
GD398206,16,7.00,클러스터3
GD398654,7,4.38,클러스터5
GD401034,40,4.42,클러스터1
GD401728,16,6.67,클러스터3
GD406715,37,5.42,클러스터1
GD408230,15,6.67,클러스터3
GD411680,28,6.00,클러스터3
GD413362,28,5.00,클러스터3
GD415795,8,7.50,클러스터4
GD418230,31,4.50,클러스터1
GD420163,4,1.50,클러스터2
GD428351,33,4.67,클러스터1
GD434239,7,3.33,클러스터2
GD437531,46,4.42,클러스터1
GD438627,30,5.42,클러스터3
GD439332,25,5.67,클러스터3
GD440817,4,8.50,클러스터4
GD452640,20,6.33,클러스터3
GD454723,12,3.50,클러스터2
GD455671,37,4.25,클러스터1
GD459084,10,7.80,클러스터4
GD459648,28,5.92,클러스터3
GD460554,6,4.57,클러스터5
GD460851,2,6.50,클러스터4
GD462507,6,6.00,클러스터5
GD462529,5,4.00,클러스터5
GD462611,12,3.43,클러스터2
GD470986,45,4.08,클러스터1
GD471767,16,6.33,클러스터3
GD475433,6,4.86,클러스터5
GD477802,13,7.83,클러스터4
GD479069,34,4.33,클러스터1
GD479253,12,3.44,클러스터2
GD479679,43,4.33,클러스터1
GD484864,28,5.50,클러스터3
GD485258,6,8.17,클러스터4
GD485275,1,11.00,클러스터4
GD486468,2,7.00,클러스터4
GD488064,4,7.50,클러스터4
GD489148,38,4.58,클러스터1
GD489324,3,7.00,클러스터4
GD489678,46,4.75,클러스터1
GD492710,16,6.25,클러스터3
GD513608,1,5.00,클러스터5
GD516585,28,5.92,클러스터3
GD518115,15,6.33,클러스터3
GD518514,6,7.83,클러스터4
GD519151,5,8.60,클러스터4
GD521924,2,4.00,클러스터5
GD523289,7,4.13,클러스터5
GD531348,16,6.58,클러스터3
GD531554,37,3.75,클러스터1
GD535028,7,8.43,클러스터4
GD536257,7,2.33,클러스터2
GD537137,32,4.42,클러스터1
GD537233,35,5.08,클러스터1
GD546088,2,7.00,클러스터4
GD547144,4,4.00,클러스터5
GD555235,46,4.33,클러스터1
GD557151,3,4.25,클러스터5
GD558480,3,4.00,클러스터5
GD559311,4,8.00,클러스터4
GD563129,19,6.33,클러스터3
GD563242,12,7.92,클러스터4
GD573130,8,1.00,클러스터2
GD573644,2,9.00,클러스터4
GD574013,29,5.58,클러스터3
GD574177,17,6.33,클러스터3
GD574697,11,2.00,클러스터2
GD574867,32,5.33,클러스터1
GD574913,7,3.00,클러스터2
GD575423,16,7.00,클러스터3
GD582469,27,4.42,클러스터3
GD585679,17,6.33,클러스터3
GD587474,3,5.00,클러스터5
GD589615,42,5.08,클러스터1
GD594854,11,8.00,클러스터4
GD595676,4,3.60,클러스터5
GD598089,32,4.58,클러스터1
GD600460,6,1.00,클러스터2
GD600747,4,8.25,클러스터4
GD607294,9,7.44,클러스터4
GD608468,8,8.25,클러스터4
GD608565,5,4.67,클러스터5
GD609501,3,9.00,클러스터4
GD614242,8,3.75,클러스터5
GD615902,19,5.75,클러스터3
GD619319,13,8.33,클러스터4
GD620721,12,3.80,클러스터2
GD620805,30,5.25,클러스터3
GD622254,22,6.25,클러스터3
GD623309,8,3.29,클러스터2
GD624477,8,2.20,클러스터2
GD624539,3,8.67,클러스터4
GD625169,1,8.00,클러스터4
GD626486,6,7.83,클러스터4
GD628310,20,5.92,클러스터3
GD629291,9,8.33,클러스터4
GD631254,26,5.08,클러스터3
GD635322,34,4.50,클러스터1
GD635509,40,4.92,클러스터1
GD637785,4,9.50,클러스터4
GD638385,9,2.50,클러스터2
GD639016,35,4.67,클러스터1
GD639344,44,3.83,클러스터1
GD639619,2,6.33,클러스터5
GD640316,8,2.00,클러스터2
GD646501,8,4.33,클러스터5
GD648354,29,5.08,클러스터3
GD648698,6,8.17,클러스터4
GD649455,41,5.00,클러스터1
GD651678,4,9.25,클러스터4
GD653579,3,8.67,클러스터4
GD655061,39,4.17,클러스터1
GD659982,10,7.80,클러스터4
GD665518,24,5.00,클러스터3
GD670693,41,4.92,클러스터1
GD671138,9,2.20,클러스터2
GD672003,17,5.17,클러스터3
GD672303,42,4.58,클러스터1
GD673835,2,3.00,클러스터5
GD676928,31,4.75,클러스터1
GD687485,44,4.92,클러스터1
GD687670,44,4.33,클러스터1
GD691243,26,5.58,클러스터3
GD693914,43,5.08,클러스터1
GD695696,2,4.00,클러스터5
GD699747,20,5.33,클러스터3
GD699826,27,5.58,클러스터3
GD700354,7,4.50,클러스터5
GD700587,9,4.11,클러스터5
GD700613,45,4.00,클러스터1
GD701512,12,3.75,클러스터2
GD703244,13,4.09,클러스터2
GD703449,26,4.50,클러스터3
GD705390,21,2.83,클러스터2
GD706415,7,4.38,클러스터5
GD710390,33,4.42,클러스터1
GD711631,6,3.00,클러스터2
GD716223,12,7.08,클러스터4
GD719026,15,7.00,클러스터4
GD719151,27,5.08,클러스터3
GD721751,28,5.75,클러스터3
GD725111,11,1.50,클러스터2
GD725119,7,3.88,클러스터5
GD728611,46,3.83,클러스터1
GD728833,9,3.00,클러스터2
GD730210,8,3.89,클러스터5
GD733240,39,4.08,클러스터1
GD735013,24,6.00,클러스터3
GD738012,3,4.75,클러스터5
GD738015,3,4.00,클러스터5
GD741058,11,3.38,클러스터2
GD748823,1,6.00,클러스터5
GD749335,31,4.83,클러스터1
GD751187,7,7.86,클러스터4
GD754725,12,1.80,클러스터2
GD756032,4,4.40,클러스터5
GD761011,20,6.67,클러스터3
GD761771,7,8.14,클러스터4
GD762120,5,3.33,클러스터5
GD762671,13,8.25,클러스터4
GD763218,42,4.17,클러스터1
GD763258,11,2.50,클러스터2
GD763297,7,5.00,클러스터5
GD766190,32,5.67,클러스터1
GD766769,9,4.10,클러스터5
GD768522,6,4.29,클러스터5
GD768855,12,2.75,클러스터2
GD770166,11,1.00,클러스터2
GD772041,4,5.40,클러스터5
GD778254,2,4.33,클러스터5
GD781025,40,4.33,클러스터1
GD784657,21,6.67,클러스터3
GD785491,5,4.83,클러스터5
GD787873,2,10.50,클러스터4
GD788407,41,3.92,클러스터1
GD788422,17,5.92,클러스터3
GD788700,2,6.67,클러스터4
GD790125,8,4.22,클러스터5
GD792268,4,3.60,클러스터5
GD796301,20,6.08,클러스터3
GD796859,4,7.25,클러스터4
GD797764,9,4.90,클러스터5
GD800584,1,5.50,클러스터5
GD804357,34,4.58,클러스터1
GD806895,23,6.33,클러스터3
GD807513,10,8.40,클러스터4
GD807714,14,7.83,클러스터4
GD809807,34,5.25,클러스터1
GD809947,15,7.58,클러스터4
GD812059,25,5.00,클러스터3
GD812702,45,4.42,클러스터1
GD812922,22,5.33,클러스터3
GD813654,46,4.50,클러스터1
GD819153,2,4.67,클러스터5
GD819763,9,7.67,클러스터4
GD821903,11,8.36,클러스터4
GD822507,3,5.50,클러스터5
GD825223,22,5.67,클러스터3
GD825687,7,8.57,클러스터4
GD837157,45,5.42,클러스터1
GD840219,9,1.50,클러스터2
GD841278,1,7.00,클러스터4
GD841780,2,9.50,클러스터4
GD843057,3,5.00,클러스터5
GD843424,5,2.00,클러스터2
GD843695,29,5.58,클러스터3
GD844529,15,4.10,클러스터2
GD849803,11,2.33,클러스터2
GD850501,4,7.25,클러스터4
GD852474,23,5.83,클러스터3
GD856484,2,5.33,클러스터5
GD859439,38,5.08,클러스터1
GD862018,12,2.00,클러스터2
GD862639,38,4.00,클러스터1
GD862688,11,7.64,클러스터4
GD864253,8,8.63,클러스터4
GD864823,5,4.67,클러스터5
GD866704,24,4.75,클러스터3
GD868389,28,5.58,클러스터3
GD868574,9,2.40,클러스터2
GD869479,1,5.00,클러스터5
GD869667,10,8.00,클러스터4
GD870808,19,6.25,클러스터3
GD871151,1,7.00,클러스터4
GD871763,2,9.50,클러스터4
GD873389,40,5.00,클러스터1
GD876521,19,5.92,클러스터3
GD877201,21,6.42,클러스터3
GD877461,2,5.00,클러스터5
GD879310,5,4.33,클러스터5
GD879805,43,4.08,클러스터1
GD880007,5,4.67,클러스터5
GD881679,6,2.00,클러스터2
GD883603,30,5.17,클러스터3
GD885447,21,6.08,클러스터3
GD886441,2,6.00,클러스터5
GD886475,31,4.75,클러스터1
GD887148,24,5.17,클러스터3
GD892565,11,7.73,클러스터4
GD893916,10,8.10,클러스터4
GD897249,20,6.33,클러스터3
GD900956,40,5.08,클러스터1
GD903750,9,4.20,클러스터5
GD903830,23,5.50,클러스터3
GD908843,32,5.08,클러스터1
GD911056,4,9.25,클러스터4
GD911889,22,5.08,클러스터3
GD912745,22,5.83,클러스터3
GD913324,11,7.82,클러스터4
GD914874,45,4.67,클러스터1
GD915723,5,4.00,클러스터5
GD921810,6,4.71,클러스터5
GD930782,19,6.17,클러스터3
GD931906,9,4.30,클러스터5
GD933293,28,4.33,클러스터3
GD934041,39,4.58,클러스터1
GD942165,3,3.75,클러스터5
GD943344,34,4.92,클러스터1
GD943666,2,11.50,클러스터4
GD946202,16,4.18,클러스터2
GD947493,34,4.58,클러스터1
GD951332,34,5.00,클러스터1
GD955939,9,7.33,클러스터4
GD957280,2,7.00,클러스터4
GD960674,13,8.75,클러스터4
GD962470,23,5.67,클러스터3
GD964685,17,3.64,클러스터2
GD966172,12,3.00,클러스터2
GD967749,47,4.67,클러스터1
GD968549,11,3.33,클러스터2
GD969310,8,2.40,클러스터2
GD969635,7,7.57,클러스터4
GD970368,40,4.25,클러스터1
GD972640,34,5.75,클러스터1
GD973384,20,5.92,클러스터3
GD975752,32,5.25,클러스터1
GD979485,19,5.58,클러스터3
GD984713,4,7.00,클러스터4
GD987989,20,6.75,클러스터3
GD991251,6,7.50,클러스터4
GD991319,9,3.60,클러스터2
GD994213,36,4.17,클러스터1
GD998772,27,5.83,클러스터3
HD000022,34,4.42,클러스터1
HD003152,30,4.58,클러스터3
HD006808,33,4.92,클러스터1
HD012547,43,4.08,클러스터1
HD012845,10,3.00,클러스터2
HD014166,40,4.67,클러스터1
HD019297,36,4.25,클러스터1
HD020326,33,4.25,클러스터1
HD024127,47,4.83,클러스터1
HD024506,6,5.00,클러스터5
HD025535,2,4.67,클러스터5
HD028682,7,8.71,클러스터4
HD030302,3,8.67,클러스터4
HD030810,34,4.25,클러스터1
HD032015,11,4.92,클러스터5
HD035366,32,5.00,클러스터1
HD035838,42,4.83,클러스터1
HD037991,25,4.92,클러스터3
HD044222,29,4.58,클러스터3
HD044319,22,3.40,클러스터3
HD044538,2,7.50,클러스터4
HD048025,30,4.67,클러스터3
HD052411,40,3.75,클러스터1
HD052466,16,6.83,클러스터3
HD053694,16,6.67,클러스터3
HD055368,13,7.83,클러스터4
HD055792,17,5.75,클러스터3
HD056820,33,5.33,클러스터1
HD058348,5,5.17,클러스터5
HD061076,4,9.00,클러스터4
HD068817,33,5.00,클러스터1
HD069512,28,4.83,클러스터3
HD069655,7,4.88,클러스터5
HD069769,13,7.17,클러스터4
HD070115,33,4.17,클러스터1
HD071461,4,8.75,클러스터4
HD074397,40,5.17,클러스터1
HD074404,36,5.08,클러스터1
HD076496,5,3.83,클러스터5
HD078960,1,11.00,클러스터4
HD079011,15,4.64,클러스터3
HD084175,27,5.33,클러스터3
HD089565,9,4.50,클러스터5
HD094734,2,6.00,클러스터5
HD094887,3,2.00,클러스터2
HD095957,37,5.00,클러스터1
HD096925,34,4.33,클러스터1
HD096953,19,7.00,클러스터3
HD099859,9,4.14,클러스터5
HD101700,12,3.60,클러스터2
HD101792,33,5.08,클러스터1
HD104458,7,7.71,클러스터4
HD104614,10,4.27,클러스터5
HD109539,29,5.75,클러스터3
HD112851,20,5.58,클러스터3
HD113386,27,5.67,클러스터3
HD117235,31,5.50,클러스터3
HD120698,46,4.83,클러스터1
HD121067,16,7.42,클러스터4
HD124235,14,2.50,클러스터2
HD124700,47,4.50,클러스터1
HD126303,1,9.00,클러스터4
HD126441,3,5.00,클러스터5
HD134052,41,4.92,클러스터1
HD134433,9,3.50,클러스터2
HD134597,38,4.67,클러스터1
HD137947,40,4.67,클러스터1
HD139654,27,5.42,클러스터3
HD140190,20,4.83,클러스터3
HD145501,44,4.92,클러스터1
HD146199,12,8.25,클러스터4
HD146257,1,11.00,클러스터4
HD147072,16,7.25,클러스터3
HD148659,39,4.17,클러스터1
HD150590,1,9.00,클러스터4
HD155154,28,5.83,클러스터3
HD156305,17,7.33,클러스터3
HD159793,3,8.33,클러스터4
HD160543,16,6.67,클러스터3
HD163236,8,8.13,클러스터4
HD164041,8,4.11,클러스터5
HD165212,27,5.25,클러스터3
HD166317,6,9.50,클러스터4
HD167407,19,6.50,클러스터3
HD171591,7,4.75,클러스터5
HD171678,4,1.00,클러스터2
HD176214,42,4.42,클러스터1
HD176754,4,7.00,클러스터4
HD177050,42,4.25,클러스터1
HD182637,11,2.00,클러스터2
HD184011,23,6.17,클러스터3
HD186795,28,5.83,클러스터3
HD187665,11,7.64,클러스터4
HD188491,27,5.33,클러스터3
HD192887,9,5.20,클러스터5
HD194702,47,4.92,클러스터1
HD200554,6,3.00,클러스터2
HD200782,26,5.58,클러스터3
HD203527,14,7.33,클러스터4
HD205494,7,8.14,클러스터4
HD206448,35,5.08,클러스터1
HD210141,26,5.83,클러스터3
HD214175,16,7.75,클러스터4
HD216701,26,5.25,클러스터3
HD218552,14,6.50,클러스터3
HD218670,12,2.75,클러스터2
HD218970,7,4.75,클러스터5
HD219882,9,7.11,클러스터4
HD221159,8,4.11,클러스터5
HD231391,3,8.00,클러스터4
HD235846,1,5.00,클러스터5
HD236166,4,4.00,클러스터5
HD242691,38,5.67,클러스터1
HD244526,28,6.08,클러스터3
HD244788,3,9.00,클러스터4
HD245568,17,7.17,클러스터3
HD246006,4,8.50,클러스터4
HD246549,1,10.00,클러스터4
HD250394,12,2.50,클러스터2
HD250940,5,4.50,클러스터5
HD251544,7,8.14,클러스터4
HD252906,41,4.50,클러스터1
HD253398,13,2.50,클러스터2
HD256907,2,3.33,클러스터5
HD256988,9,7.89,클러스터4
HD262708,10,3.00,클러스터2
HD262908,22,2.33,클러스터2
HD263348,27,5.17,클러스터3
HD264361,9,3.88,클러스터2
HD268516,12,3.80,클러스터2
HD268534,5,5.00,클러스터5
HD269790,6,4.86,클러스터5
HD272401,32,4.92,클러스터1
HD277392,23,6.58,클러스터3
HD280205,38,4.25,클러스터1
HD280416,1,5.00,클러스터5
HD281795,30,4.92,클러스터3
HD285695,26,5.25,클러스터3
HD286424,8,8.00,클러스터4
HD287652,45,4.33,클러스터1
HD289026,43,4.08,클러스터1
HD290419,4,8.00,클러스터4
HD290947,20,5.67,클러스터3
HD291079,6,4.43,클러스터5
HD292217,9,2.71,클러스터2
HD293656,6,5.00,클러스터5
HD293897,2,8.50,클러스터4
HD294856,8,2.67,클러스터2
HD295267,5,5.40,클러스터5
HD295608,8,3.89,클러스터5
HD296157,45,4.25,클러스터1
HD296847,26,5.58,클러스터3
HD296947,2,10.00,클러스터4
HD298120,21,5.92,클러스터3
HD300844,9,8.33,클러스터4
HD305029,34,4.58,클러스터1
HD307544,25,5.92,클러스터3
HD309501,36,4.58,클러스터1
HD312137,6,2.80,클러스터2
HD313841,11,4.00,클러스터2
HD314081,18,7.33,클러스터3
HD315748,24,5.25,클러스터3
HD316308,6,3.40,클러스터2
HD319220,21,4.00,클러스터3
HD320060,22,5.92,클러스터3
HD321275,19,6.67,클러스터3
HD321813,12,3.63,클러스터2
HD327348,35,4.58,클러스터1
HD327582,34,4.67,클러스터1
HD332594,12,4.44,클러스터5
HD333051,18,6.08,클러스터3
HD333063,33,5.00,클러스터1
HD333544,9,3.25,클러스터2
HD333962,34,5.00,클러스터1
HD335580,4,4.00,클러스터5
HD338262,11,2.00,클러스터2
HD338928,10,3.00,클러스터2
HD344670,37,4.42,클러스터1
HD344852,6,2.33,클러스터2
HD347814,3,5.50,클러스터5
HD348931,30,5.67,클러스터3
HD349501,47,4.83,클러스터1
HD351145,9,4.10,클러스터5
HD351414,35,5.17,클러스터1
HD357544,1,8.00,클러스터4
HD359876,14,6.92,클러스터4
HD361714,40,4.50,클러스터1
HD364928,20,6.17,클러스터3
HD364970,14,6.42,클러스터3
HD366734,1,9.00,클러스터4
HD369528,18,6.08,클러스터3
HD372669,5,2.25,클러스터2
HD374247,39,4.58,클러스터1
HD375116,1,3.50,클러스터5
HD376302,13,4.00,클러스터2
HD378274,46,4.33,클러스터1
HD379875,43,4.83,클러스터1
HD384128,11,7.73,클러스터4
HD385904,11,2.00,클러스터2
HD387344,43,4.17,클러스터1
HD391766,9,3.00,클러스터2
HD394739,15,7.08,클러스터4
HD397050,31,5.08,클러스터1
HD402002,12,8.17,클러스터4
HD403941,25,5.50,클러스터3
HD405727,44,3.58,클러스터1
HD408536,20,6.33,클러스터3
HD410257,33,4.75,클러스터1
HD412432,8,8.13,클러스터4
HD412914,12,4.00,클러스터2
HD417609,4,4.60,클러스터5
HD418663,5,8.20,클러스터4
HD424190,26,5.75,클러스터3
HD426886,12,8.42,클러스터4
HD430949,31,4.92,클러스터1
HD432390,10,4.00,클러스터2
HD434034,21,4.09,클러스터3
HD434417,5,3.83,클러스터5
HD435871,8,3.00,클러스터2
HD436260,29,4.67,클러스터3
HD437482,12,5.00,클러스터5
HD437733,6,7.17,클러스터4
HD443173,7,3.88,클러스터5
HD446015,1,9.00,클러스터4
HD449288,5,7.80,클러스터4
HD451225,3,5.00,클러스터5
HD453100,24,4.42,클러스터3
HD453390,45,4.00,클러스터1
HD454734,11,4.00,클러스터2
HD455858,46,4.92,클러스터1
HD456541,19,6.42,클러스터3
HD457136,33,5.58,클러스터1
HD458438,30,4.08,클러스터1
HD459783,43,4.42,클러스터1
HD459890,8,4.11,클러스터5
HD460027,21,5.92,클러스터3
HD460338,3,3.50,클러스터5
HD465982,13,7.50,클러스터4
HD467920,22,5.58,클러스터3
HD468798,4,7.75,클러스터4
HD471103,17,4.00,클러스터2
HD471878,9,7.67,클러스터4
HD472052,10,3.33,클러스터2
HD472114,10,2.75,클러스터2
HD475088,20,6.58,클러스터3
HD476406,34,5.08,클러스터1
HD476620,11,3.50,클러스터2
HD477288,20,5.75,클러스터3
HD477499,6,8.00,클러스터4
HD478215,18,6.58,클러스터3
HD482972,3,9.00,클러스터4
HD484088,42,4.33,클러스터1
HD485524,1,5.00,클러스터5
HD487220,11,8.09,클러스터4
HD487840,16,6.50,클러스터3
HD487976,25,5.50,클러스터3
HD491284,35,4.42,클러스터1
HD492524,12,1.33,클러스터2
HD493357,13,7.25,클러스터4
HD498491,11,4.33,클러스터5
HD500688,2,3.67,클러스터5
HD508159,11,2.00,클러스터2
HD509061,29,5.00,클러스터3
HD509520,15,6.75,클러스터3
HD511288,23,5.17,클러스터3
HD513936,40,4.92,클러스터1
HD516059,47,4.17,클러스터1
HD516896,2,9.00,클러스터4
HD522396,1,12.00,클러스터4
HD523141,5,4.67,클러스터5
HD523855,11,5.08,클러스터5
HD526634,3,4.50,클러스터5
HD528660,33,5.08,클러스터1
HD530464,11,2.00,클러스터2
HD532552,23,5.17,클러스터3
HD537011,17,6.00,클러스터3
HD537465,41,4.50,클러스터1
HD538485,1,5.50,클러스터5
HD541285,9,4.00,클러스터5
HD542886,23,1.00,클러스터2
HD544369,32,4.08,클러스터1
HD547869,6,4.29,클러스터5
HD548971,5,9.40,클러스터4
HD550869,19,3.82,클러스터3
HD552859,23,5.83,클러스터3
HD555581,10,8.20,클러스터4
HD556323,5,8.80,클러스터4
HD557689,27,5.92,클러스터3
HD559223,25,5.33,클러스터3
HD561131,43,4.08,클러스터1
HD561337,6,2.00,클러스터2
HD561717,22,5.67,클러스터3
HD565792,1,7.00,클러스터4
HD565805,8,3.56,클러스터2
HD566204,6,2.33,클러스터2
HD567544,5,2.67,클러스터2
HD571515,11,4.58,클러스터5
HD572934,37,5.00,클러스터1
HD573624,34,4.67,클러스터1
HD574185,31,4.42,클러스터1
HD576900,42,4.25,클러스터1
HD580454,12,7.33,클러스터4
HD581148,41,5.00,클러스터1
HD587331,16,7.00,클러스터3
HD595882,15,6.83,클러스터3
HD596195,1,6.00,클러스터5
HD597545,23,3.50,클러스터3
HD600586,14,7.17,클러스터4
HD611284,39,3.92,클러스터1
HD615996,4,4.60,클러스터5
HD617077,12,1.00,클러스터2
HD618344,20,6.58,클러스터3
HD619719,32,4.17,클러스터1
HD620437,29,5.83,클러스터3
HD622760,6,7.00,클러스터4
HD623640,17,6.58,클러스터3
HD624279,29,5.42,클러스터3
HD625027,45,4.75,클러스터1
HD625038,31,4.17,클러스터1
HD625291,7,4.25,클러스터5
HD631824,12,4.78,클러스터5
HD634356,13,6.83,클러스터4
HD634523,9,4.00,클러스터5
HD640143,16,7.33,클러스터3
HD642174,26,5.33,클러스터3
HD643188,2,5.33,클러스터5
HD647688,33,4.75,클러스터1
HD649306,8,2.33,클러스터2
HD651604,13,7.75,클러스터4
HD652153,4,1.00,클러스터2
HD653952,12,3.80,클러스터2
HD657925,3,8.33,클러스터4
HD660433,31,4.25,클러스터1
HD661448,47,3.92,클러스터1
HD666117,1,10.00,클러스터4
HD666225,28,5.50,클러스터3
HD666936,17,6.33,클러스터3
HD671982,35,4.83,클러스터1
HD672719,19,3.29,클러스터2
HD673900,20,5.58,클러스터3
HD676663,1,8.00,클러스터4
HD677309,9,4.00,클러스터5
HD677310,7,4.63,클러스터5
HD678019,7,4.38,클러스터5
HD679144,7,8.86,클러스터4
HD685879,14,7.25,클러스터4
HD691471,18,6.42,클러스터3
HD691675,19,6.25,클러스터3
HD691730,7,4.50,클러스터5
HD692017,30,4.08,클러스터1
HD693171,1,7.00,클러스터4
HD693175,9,8.22,클러스터4
HD693544,2,9.00,클러스터4
HD693609,19,6.25,클러스터3
HD699115,22,4.27,클러스터3
HD703830,29,5.67,클러스터3
HD703891,1,5.50,클러스터5
HD707231,20,7.17,클러스터3
HD707253,11,7.09,클러스터4
HD708558,42,4.58,클러스터1
HD710658,3,5.33,클러스터5
HD711126,2,4.00,클러스터5
HD712372,19,6.08,클러스터3
HD715012,14,6.75,클러스터4
HD717249,6,4.71,클러스터5
HD719737,27,5.33,클러스터3
HD720343,9,3.00,클러스터2
HD721014,36,5.17,클러스터1
HD722558,18,6.75,클러스터3
HD722956,25,5.42,클러스터3
HD724425,10,7.40,클러스터4
HD725527,15,3.80,클러스터2
HD727444,22,5.67,클러스터3
HD727632,18,6.58,클러스터3
HD730447,22,5.42,클러스터3
HD733934,44,4.67,클러스터1
HD734129,21,6.25,클러스터3
HD734247,9,6.67,클러스터4
HD734433,39,4.33,클러스터1
HD736119,11,6.91,클러스터4
HD738121,10,7.40,클러스터4
HD739338,15,6.17,클러스터3
HD742096,26,5.58,클러스터3
HD743252,23,5.67,클러스터3
HD743673,7,3.88,클러스터5
HD744684,24,6.25,클러스터3
HD745359,13,7.92,클러스터4
HD747321,10,5.09,클러스터5
HD747377,2,4.50,클러스터5
HD749546,27,5.33,클러스터3
HD751493,1,5.50,클러스터5
HD753489,1,9.00,클러스터4
HD753835,24,6.17,클러스터3
HD758694,2,5.33,클러스터5
HD759595,2,8.50,클러스터4
HD759692,18,7.00,클러스터3
HD760983,27,6.08,클러스터3
HD761679,1,5.50,클러스터5
HD762188,42,3.83,클러스터1
HD762655,7,4.63,클러스터5
HD765436,17,7.08,클러스터3
HD765554,15,6.92,클러스터3
HD766838,10,4.14,클러스터5
HD767334,30,5.08,클러스터3
HD767925,41,4.33,클러스터1
HD768386,12,3.50,클러스터2
HD769845,38,4.67,클러스터1
HD771279,27,5.08,클러스터3
HD772140,16,2.33,클러스터2
HD774056,3,5.00,클러스터5
HD775663,43,4.92,클러스터1
HD777083,35,5.17,클러스터1
HD778015,9,4.33,클러스터5
HD781345,5,4.50,클러스터5
HD782984,47,4.83,클러스터1
HD788375,26,5.67,클러스터3
HD792156,47,4.67,클러스터1
HD793729,15,7.00,클러스터4
HD798338,8,7.50,클러스터4
HD799859,26,4.75,클러스터3
HD801142,6,2.00,클러스터2
HD801821,15,6.50,클러스터3
HD802058,19,5.67,클러스터3
HD802475,31,4.42,클러스터1
HD804041,3,5.00,클러스터5
HD805503,11,6.82,클러스터4
HD805772,22,3.00,클러스터3
HD807397,9,3.00,클러스터2
HD807553,9,3.00,클러스터2
HD809345,20,6.42,클러스터3
HD810948,41,4.17,클러스터1
HD812799,22,5.67,클러스터3
HD814444,12,7.50,클러스터4
HD819739,19,3.64,클러스터3
HD821664,6,4.71,클러스터5
HD822643,7,3.00,클러스터2
HD822984,15,4.45,클러스터2
HD823059,1,6.00,클러스터5
HD823097,9,2.00,클러스터2
HD824079,13,3.45,클러스터2
HD825382,5,8.80,클러스터4
HD826767,26,5.17,클러스터3
HD828510,3,6.00,클러스터5
HD831023,26,5.50,클러스터3
HD832421,6,5.43,클러스터5
HD834340,4,2.33,클러스터2
HD834387,20,6.50,클러스터3
HD837160,3,8.00,클러스터4
HD837482,15,7.00,클러스터4
HD841097,1,6.00,클러스터5
HD841739,8,4.44,클러스터5
HD842881,24,5.58,클러스터3
HD845119,30,5.42,클러스터3
HD845666,42,4.50,클러스터1
HD845983,29,5.17,클러스터3
HD847713,40,4.25,클러스터1
HD848426,16,6.75,클러스터3
HD849426,20,6.42,클러스터3
HD852520,20,6.50,클러스터3
HD853800,23,3.80,클러스터3
HD858116,31,5.08,클러스터1
HD861345,6,4.43,클러스터5
HD862235,44,4.17,클러스터1
HD862369,43,4.83,클러스터1
HD862903,40,4.33,클러스터1
HD864300,35,4.83,클러스터1
HD864513,2,5.00,클러스터5
HD867363,28,6.00,클러스터3
HD867526,43,4.25,클러스터1
HD870987,1,9.00,클러스터4
HD872002,1,6.50,클러스터4
HD872088,8,8.50,클러스터4
HD872325,5,9.40,클러스터4
HD872512,9,6.89,클러스터4
HD874104,6,4.14,클러스터5
HD875310,8,7.50,클러스터4
HD875558,29,5.92,클러스터3
HD876492,1,6.00,클러스터5
HD877359,21,4.20,클러스터3
HD880103,4,8.00,클러스터4
HD882805,9,3.50,클러스터2
HD883595,2,5.33,클러스터5
HD885693,2,7.00,클러스터4
HD888412,19,6.58,클러스터3
HD893022,14,7.50,클러스터4
HD893931,23,6.08,클러스터3
HD894390,11,2.00,클러스터2
HD894637,41,4.75,클러스터1
HD896111,7,8.14,클러스터4
HD896542,33,5.50,클러스터1
HD901734,16,5.92,클러스터3
HD903528,15,6.67,클러스터3
HD904794,5,9.20,클러스터4
HD907996,26,5.33,클러스터3
HD908685,5,9.20,클러스터4
HD914078,43,4.42,클러스터1
HD918803,4,8.75,클러스터4
HD919452,4,4.00,클러스터5
HD920211,23,6.17,클러스터3
HD921002,36,4.92,클러스터1
HD925731,21,5.83,클러스터3
HD926451,1,6.00,클러스터5
HD930692,7,8.14,클러스터4
HD930920,4,6.75,클러스터4
HD935075,34,4.42,클러스터1
HD944406,6,5.43,클러스터5
HD944583,22,4.25,클러스터3
HD952062,6,2.75,클러스터2
HD952315,9,3.67,클러스터2
HD957073,24,5.33,클러스터3
HD957429,23,6.50,클러스터3
HD958681,2,6.50,클러스터4
HD959899,29,5.50,클러스터3
HD960445,7,7.57,클러스터4
HD961587,33,4.50,클러스터1
HD964603,4,2.33,클러스터2
HD966829,8,6.75,클러스터4
HD973885,40,4.75,클러스터1
HD974505,4,4.00,클러스터5
HD981197,8,4.44,클러스터5
HD981245,9,8.22,클러스터4
HD981504,4,2.00,클러스터2
HD981821,11,3.67,클러스터2
HD981950,43,4.58,클러스터1
HD982676,34,3.42,클러스터1
HD982934,29,5.17,클러스터3
HD984626,36,4.75,클러스터1
HD984838,28,4.50,클러스터3
HD988129,18,6.08,클러스터3
HD994980,8,8.50,클러스터4
HD995428,42,3.92,클러스터1
HD997786,3,5.25,클러스터5
HI001877,15,7.00,클러스터4
HI003514,43,4.33,클러스터1
HI013029,11,7.64,클러스터4
HI013994,38,3.58,클러스터1
HI014891,20,6.17,클러스터3
HI015767,40,5.00,클러스터1
HI020083,12,3.00,클러스터2
HI020478,16,6.83,클러스터3
HI022788,8,8.25,클러스터4
HI024535,14,6.92,클러스터4
HI026335,7,8.86,클러스터4
HI027437,16,6.33,클러스터3
HI035448,4,2.00,클러스터2
HI047229,33,3.75,클러스터1
HI048809,7,4.25,클러스터5
HI048967,34,5.58,클러스터1
HI049184,6,4.14,클러스터5
HI050277,5,4.17,클러스터5
HI050493,39,4.83,클러스터1
HI051235,3,8.00,클러스터4
HI056567,27,4.75,클러스터3
HI057067,8,8.00,클러스터4
HI058807,11,7.91,클러스터4
HI059355,13,3.91,클러스터2
HI060044,4,1.00,클러스터2
HI060699,6,7.67,클러스터4
HI061526,9,2.25,클러스터2
HI066401,31,4.83,클러스터1
HI067846,9,8.11,클러스터4
HI069246,10,3.00,클러스터2
HI069935,25,5.83,클러스터3
HI072340,44,5.08,클러스터1
HI073600,3,4.75,클러스터5
HI074037,4,4.00,클러스터5
HI076185,2,7.50,클러스터4
HI077107,8,7.75,클러스터4
HI084482,22,5.67,클러스터3
HI085532,3,3.75,클러스터5
HI086872,40,4.75,클러스터1
HI088281,17,6.08,클러스터3
HI088451,23,5.83,클러스터3
HI089467,8,4.50,클러스터5
HI092194,45,4.83,클러스터1
HI093008,6,8.50,클러스터4
HI093998,5,9.00,클러스터4
HI098767,40,4.17,클러스터1
HI099779,10,6.70,클러스터4
HI100579,7,1.00,클러스터2
HI101829,22,6.08,클러스터3
HI103175,11,7.09,클러스터4
HI103857,6,8.00,클러스터4
HI104906,5,3.33,클러스터5
HI106422,28,5.17,클러스터3
HI107999,17,6.50,클러스터3
HI108402,6,1.00,클러스터2
HI109765,27,4.83,클러스터3
HI113055,27,4.92,클러스터3
HI118782,9,7.44,클러스터4
HI121657,13,4.33,클러스터2
HI128243,39,3.92,클러스터1
HI128344,31,4.58,클러스터1
HI135839,4,7.25,클러스터4
HI138847,3,4.50,클러스터5
HI140002,1,6.00,클러스터5
HI140097,10,5.00,클러스터5
HI140455,39,4.75,클러스터1
HI142283,23,5.50,클러스터3
HI142296,34,5.42,클러스터1
HI142388,35,4.83,클러스터1
HI142725,6,2.00,클러스터2
HI145167,22,5.67,클러스터3
HI146430,46,4.58,클러스터1
HI147428,3,3.00,클러스터2
HI150416,36,5.25,클러스터1
HI150906,30,4.75,클러스터3
HI151205,28,4.67,클러스터3
HI151334,20,6.25,클러스터3
HI151829,3,4.25,클러스터5
HI151922,27,5.17,클러스터3
HI153809,37,4.67,클러스터1
HI154843,10,7.30,클러스터4
HI155130,2,6.33,클러스터5
HI155985,30,4.83,클러스터3
HI158085,24,6.17,클러스터3
HI161247,28,4.75,클러스터3
HI161579,4,3.40,클러스터5
HI162012,34,4.25,클러스터1
HI162853,33,4.58,클러스터1
HI166285,8,2.00,클러스터2
HI168292,9,3.50,클러스터2
HI169357,24,5.83,클러스터3
HI169908,3,1.00,클러스터2
HI173027,36,4.42,클러스터1
HI174281,14,6.83,클러스터4
HI174362,5,8.00,클러스터4
HI181507,6,3.43,클러스터2
HI181600,18,2.67,클러스터2
HI181798,36,5.00,클러스터1
HI183239,20,5.42,클러스터3
HI183246,42,4.75,클러스터1
HI183847,6,7.33,클러스터4
HI184156,13,8.17,클러스터4
HI184733,44,4.42,클러스터1
HI188968,35,4.92,클러스터1
HI190648,4,3.80,클러스터5
HI191890,1,6.50,클러스터4
HI193026,7,2.40,클러스터2
HI195873,4,4.40,클러스터5
HI196175,41,4.67,클러스터1
HI197384,3,7.67,클러스터4
HI201295,16,7.08,클러스터3
HI201910,42,4.92,클러스터1
HI205010,6,4.00,클러스터5
HI205526,10,7.10,클러스터4
HI207536,41,5.25,클러스터1
HI207778,9,8.11,클러스터4
HI207932,37,4.25,클러스터1
HI209367,4,4.40,클러스터5
HI213334,22,5.58,클러스터3
HI214680,6,5.14,클러스터5
HI215420,9,3.67,클러스터2
HI216184,46,4.00,클러스터1
HI216412,32,4.50,클러스터1
HI218595,10,8.70,클러스터4
HI222369,7,8.57,클러스터4
HI227285,34,5.00,클러스터1
HI228454,46,4.58,클러스터1
HI229277,32,5.33,클러스터1
HI233749,32,4.83,클러스터1
HI234332,7,7.71,클러스터4
HI235051,17,3.33,클러스터2
HI237883,15,6.50,클러스터3
HI238760,24,5.17,클러스터3
HI244067,39,4.17,클러스터1
HI245631,32,4.58,클러스터1
HI245995,37,5.17,클러스터1
HI246799,32,5.58,클러스터1
HI246920,27,5.75,클러스터3
HI247770,16,7.42,클러스터4
HI248417,20,1.00,클러스터2
HI248977,4,8.00,클러스터4
HI250121,6,8.33,클러스터4
HI253328,24,6.17,클러스터3
HI260363,5,3.83,클러스터5
HI263548,26,4.83,클러스터3
HI263602,18,5.92,클러스터3
HI265189,33,4.33,클러스터1
HI270880,43,4.00,클러스터1
HI271061,9,3.70,클러스터2
HI272887,32,5.58,클러스터1
HI273985,17,5.75,클러스터3
HI275161,28,5.08,클러스터3
HI279896,4,7.00,클러스터4
HI285716,1,12.00,클러스터4
HI285760,2,3.67,클러스터5
HI288209,38,4.33,클러스터1
HI292376,21,3.00,클러스터2
HI292442,14,7.33,클러스터4
HI292858,19,5.83,클러스터3
HI296573,6,5.29,클러스터5
HI297129,27,5.50,클러스터3
HI298989,9,8.44,클러스터4
HI302801,9,4.60,클러스터5
HI302835,4,8.75,클러스터4
HI305198,6,9.00,클러스터4
HI305974,31,5.17,클러스터1
HI311281,15,7.75,클러스터4
HI312309,10,7.80,클러스터4
HI314268,6,5.43,클러스터5
HI320690,7,8.57,클러스터4
HI321252,18,6.67,클러스터3
HI322689,25,6.25,클러스터3
HI323901,45,4.83,클러스터1
HI324110,46,3.42,클러스터1
HI324381,32,5.33,클러스터1
HI324666,47,3.92,클러스터1
HI328204,45,5.08,클러스터1
HI331377,12,7.67,클러스터4
HI331484,5,3.00,클러스터2
HI337186,41,3.92,클러스터1
HI337814,1,4.50,클러스터5
HI337854,22,5.75,클러스터3
HI338198,27,5.33,클러스터3
HI338427,16,6.58,클러스터3
HI339146,47,4.50,클러스터1
HI340865,5,4.50,클러스터5
HI342075,41,5.25,클러스터1
HI348702,5,3.33,클러스터5
HI349563,18,6.92,클러스터3
HI352145,35,4.75,클러스터1
HI355741,14,6.75,클러스터4
HI360754,34,4.92,클러스터1
HI361018,26,5.33,클러스터3
HI363056,35,4.75,클러스터1
HI367242,12,7.50,클러스터4
HI368031,12,7.42,클러스터4
HI372505,10,5.45,클러스터5
HI373091,6,3.50,클러스터5
HI373547,46,4.00,클러스터1
HI374524,39,5.00,클러스터1
HI375298,27,4.83,클러스터3
HI376364,43,3.92,클러스터1
HI377541,3,5.00,클러스터5
HI378471,40,4.67,클러스터1
HI383326,21,5.50,클러스터3
HI384373,2,5.33,클러스터5
HI387953,35,4.50,클러스터1
HI388582,47,4.83,클러스터1
HI388967,19,4.75,클러스터3
HI390909,31,4.75,클러스터1
HI392766,12,3.00,클러스터2
HI393943,24,5.50,클러스터3
HI394229,16,4.18,클러스터2
HI402317,4,4.20,클러스터5
HI402432,15,6.92,클러스터3
HI402688,11,4.33,클러스터5
HI403116,13,6.58,클러스터4
HI403631,20,6.00,클러스터3
HI405166,43,4.42,클러스터1
HI405294,34,4.50,클러스터1
HI405733,29,4.58,클러스터3
HI408835,4,3.60,클러스터5
HI412057,12,2.29,클러스터2
HI415680,9,4.70,클러스터5
HI421707,36,4.83,클러스터1
HI421757,23,5.50,클러스터3
HI422675,5,7.60,클러스터4
HI428108,44,5.00,클러스터1
HI429448,11,5.00,클러스터5
HI431223,24,5.25,클러스터3
HI433894,4,3.00,클러스터2
HI441426,22,6.00,클러스터3
HI441612,3,9.33,클러스터4
HI441911,3,8.00,클러스터4
HI442697,17,6.58,클러스터3
HI443421,5,1.67,클러스터2
HI444972,5,5.00,클러스터5
HI446535,10,5.00,클러스터5
HI450069,36,4.67,클러스터1
HI450290,3,4.00,클러스터5
HI450576,5,7.00,클러스터4
HI456699,14,7.75,클러스터4
HI457483,8,2.60,클러스터2
HI459439,15,6.42,클러스터3
HI461906,8,8.63,클러스터4
HI463565,5,4.33,클러스터5
HI466749,33,5.17,클러스터1
HI467357,22,2.40,클러스터2
HI468152,37,4.83,클러스터1
HI468227,39,4.33,클러스터1
HI470508,30,4.33,클러스터1
HI471204,38,4.33,클러스터1
HI474778,11,6.91,클러스터4
HI475753,20,6.00,클러스터3
HI477055,25,6.00,클러스터3
HI477508,7,4.00,클러스터5
HI479910,1,8.50,클러스터4
HI481405,33,4.67,클러스터1
HI483820,30,6.00,클러스터3
HI484575,9,9.00,클러스터4
HI486531,18,6.50,클러스터3
HI486664,6,8.33,클러스터4
HI488123,24,6.17,클러스터3
HI488259,27,5.75,클러스터3
HI491504,7,3.25,클러스터2
HI491991,2,5.67,클러스터5
HI492596,36,4.67,클러스터1
HI493527,20,6.00,클러스터3
HI494466,34,4.67,클러스터1
HI499195,45,3.67,클러스터1
HI500662,14,6.67,클러스터4
HI501312,6,3.50,클러스터5
HI501814,15,4.09,클러스터2
HI505696,28,5.00,클러스터3
HI506119,12,3.50,클러스터2
HI511452,4,9.25,클러스터4
HI511961,1,6.00,클러스터5
HI513968,10,7.50,클러스터4
HI515080,19,6.42,클러스터3
HI516704,23,6.33,클러스터3
HI518408,40,5.33,클러스터1
HI518590,6,7.50,클러스터4
HI521002,26,4.75,클러스터3
HI525146,7,3.00,클러스터2
HI525283,45,4.83,클러스터1
HI525851,46,4.83,클러스터1
HI527630,27,5.42,클러스터3
HI529562,23,2.88,클러스터3
HI531972,44,4.08,클러스터1
HI532336,3,3.75,클러스터5
HI539181,20,6.08,클러스터3
HI543206,32,4.83,클러스터1
HI548769,7,8.43,클러스터4
HI549569,20,3.00,클러스터2
HI550641,5,7.80,클러스터4
HI551380,7,5.00,클러스터5
HI554088,11,2.00,클러스터2
HI555012,4,4.80,클러스터5
HI555356,8,4.22,클러스터5
HI557133,25,6.08,클러스터3
HI557617,24,5.67,클러스터3
HI559946,35,4.50,클러스터1
HI560276,8,4.56,클러스터5
HI561218,20,5.75,클러스터3
HI562740,11,7.82,클러스터4
HI563460,24,5.67,클러스터3
HI564909,43,5.00,클러스터1
HI567520,15,6.75,클러스터3
HI570258,10,4.09,클러스터5
HI570349,47,4.92,클러스터1
HI573204,2,5.00,클러스터5
HI573797,33,4.67,클러스터1
HI574446,24,5.67,클러스터3
HI575026,11,7.73,클러스터4
HI576699,11,4.50,클러스터5
HI576763,11,2.33,클러스터2
HI580283,39,4.75,클러스터1
HI582217,46,4.67,클러스터1
HI583705,8,4.00,클러스터5
HI584203,8,3.00,클러스터2
HI585606,32,4.83,클러스터1
HI586644,4,3.60,클러스터5
HI587131,3,4.50,클러스터5
HI587459,9,7.78,클러스터4
HI588265,6,7.50,클러스터4
HI588457,4,8.50,클러스터4
HI592803,9,2.33,클러스터2
HI594423,5,7.80,클러스터4
HI595550,5,4.40,클러스터5
HI596179,7,4.00,클러스터5
HI598974,47,5.08,클러스터1
HI599354,4,7.50,클러스터4
HI599756,5,1.50,클러스터2
HI599889,12,7.08,클러스터4
HI599892,26,5.58,클러스터3
HI602995,19,6.75,클러스터3
HI604733,34,4.25,클러스터1
HI606225,11,4.18,클러스터5
HI606358,8,4.56,클러스터5
HI606562,24,5.17,클러스터3
HI607042,18,2.83,클러스터2
HI609803,3,7.00,클러스터4
HI611999,5,7.40,클러스터4
HI614861,27,5.08,클러스터3
HI615379,27,5.17,클러스터3
HI615448,9,6.78,클러스터4
HI618824,6,3.20,클러스터2
HI620428,9,4.70,클러스터5
HI623187,3,9.00,클러스터4
HI627474,1,6.50,클러스터4
HI628557,26,4.58,클러스터3
HI629862,4,2.00,클러스터2
HI630247,11,8.18,클러스터4
HI630523,15,6.25,클러스터3
HI630678,25,5.42,클러스터3
HI631124,18,4.25,클러스터3
HI635742,47,4.42,클러스터1
HI635804,19,5.58,클러스터3
HI636571,25,5.42,클러스터3
HI636994,34,4.50,클러스터1
HI637417,1,6.00,클러스터5
HI637811,17,6.33,클러스터3
HI639424,45,4.83,클러스터1
HI639915,24,4.92,클러스터3
HI642668,5,8.20,클러스터4
HI643983,21,3.45,클러스터3
HI648498,26,5.17,클러스터3
HI650178,11,2.50,클러스터2
HI650765,41,4.67,클러스터1
HI652401,37,4.58,클러스터1
HI652550,38,5.00,클러스터1
HI653131,2,7.50,클러스터4
HI653573,37,5.00,클러스터1
HI654756,40,4.83,클러스터1
HI655649,19,4.27,클러스터3
HI657393,5,4.83,클러스터5
HI658527,14,2.00,클러스터2
HI664739,17,6.17,클러스터3
HI665074,9,3.00,클러스터2
HI673538,43,5.75,클러스터1
HI678237,4,5.20,클러스터5
HI679584,5,8.60,클러스터4
HI680854,7,3.88,클러스터5
HI683278,36,3.83,클러스터1
HI687125,2,5.33,클러스터5
HI693441,21,6.33,클러스터3
HI697849,3,4.25,클러스터5
HI698264,12,4.89,클러스터5
HI699568,36,4.67,클러스터1
HI702171,40,5.58,클러스터1
HI708658,44,4.17,클러스터1
HI709813,4,7.75,클러스터4
HI713218,11,4.00,클러스터2
HI713224,41,4.92,클러스터1
HI714742,6,4.86,클러스터5
HI717281,13,4.00,클러스터2
HI720107,45,4.58,클러스터1
HI720757,14,2.67,클러스터2
HI723465,2,5.67,클러스터5
HI728364,46,4.25,클러스터1
HI728754,17,5.83,클러스터3
HI730543,7,7.86,클러스터4
HI732386,9,4.70,클러스터5
HI735675,16,6.17,클러스터3
HI735866,28,5.17,클러스터3
HI736424,18,2.80,클러스터2
HI737185,9,4.00,클러스터5
HI739497,23,4.09,클러스터3
HI740503,25,5.50,클러스터3
HI749296,23,3.00,클러스터3
HI749446,3,5.25,클러스터5
HI752359,26,5.33,클러스터3
HI754520,36,4.08,클러스터1
HI755073,23,5.67,클러스터3
HI755349,10,2.20,클러스터2
HI757006,5,8.40,클러스터4
HI764799,36,4.33,클러스터1
HI765956,20,6.33,클러스터3
HI769940,40,4.17,클러스터1
HI770056,2,8.50,클러스터4
HI770890,37,4.50,클러스터1
HI777528,41,4.42,클러스터1
HI777712,28,5.67,클러스터3
HI778223,45,4.25,클러스터1
HI778952,9,7.56,클러스터4
HI779743,20,2.00,클러스터2
HI780815,1,5.50,클러스터5
HI784027,2,6.00,클러스터5
HI784547,4,8.00,클러스터4
HI785400,1,11.00,클러스터4
HI791682,15,2.20,클러스터2
HI792024,38,4.17,클러스터1
HI795669,27,6.08,클러스터3
HI798295,13,7.17,클러스터4
HI802082,23,5.17,클러스터3
HI802716,22,6.00,클러스터3
HI804186,47,4.83,클러스터1
HI805260,2,6.33,클러스터5
HI811171,32,5.67,클러스터1
HI812978,12,3.00,클러스터2
HI813166,24,6.00,클러스터3
HI813237,3,2.67,클러스터2
HI815924,2,5.33,클러스터5
HI818090,15,6.42,클러스터3
HI819179,9,8.11,클러스터4
HI821087,33,3.92,클러스터1
HI823009,6,3.86,클러스터5
HI826338,42,3.75,클러스터1
HI826647,4,6.25,클러스터5
HI827303,5,8.00,클러스터4
HI828919,38,4.58,클러스터1
HI830026,4,3.33,클러스터5
HI835158,26,5.00,클러스터3
HI836555,7,8.29,클러스터4
HI841207,6,4.57,클러스터5
HI841350,5,5.00,클러스터5
HI844112,13,8.00,클러스터4
HI844972,7,3.50,클러스터2
HI846961,10,3.71,클러스터2
HI849593,7,3.60,클러스터5
HI852974,25,5.75,클러스터3
HI853357,42,4.42,클러스터1
HI859298,45,3.83,클러스터1
HI859532,37,5.00,클러스터1
HI861442,33,4.42,클러스터1
HI864084,7,4.50,클러스터5
HI864224,8,2.50,클러스터2
HI866614,11,8.00,클러스터4
HI866646,32,5.25,클러스터1
HI871259,40,3.92,클러스터1
HI873127,20,5.50,클러스터3
HI874627,1,7.00,클러스터4
HI878806,17,6.58,클러스터3
HI879414,37,4.25,클러스터1
HI880150,33,4.42,클러스터1
HI886359,28,4.67,클러스터3
HI886725,18,6.17,클러스터3
HI888272,8,3.71,클러스터2
HI889198,18,6.33,클러스터3
HI889608,3,10.33,클러스터4
HI893036,18,6.50,클러스터3
HI896174,30,5.50,클러스터3
HI896550,3,8.67,클러스터4
HI900494,46,5.75,클러스터1
HI903096,2,6.67,클러스터4
HI904723,3,5.25,클러스터5
HI909325,4,7.50,클러스터4
HI910114,5,5.00,클러스터5
HI911192,8,2.67,클러스터2
HI911254,34,4.33,클러스터1
HI912202,8,2.80,클러스터2
HI912767,1,8.00,클러스터4
HI914848,12,2.50,클러스터2
HI914925,13,7.33,클러스터4
HI918101,32,5.00,클러스터1
HI919320,13,7.08,클러스터4
HI920533,44,5.00,클러스터1
HI921882,22,6.58,클러스터3
HI923060,23,6.08,클러스터3
HI926833,7,7.71,클러스터4
HI928274,9,2.50,클러스터2
HI929904,44,4.42,클러스터1
HI933949,39,4.17,클러스터1
HI934540,34,4.50,클러스터1
HI939855,9,2.83,클러스터2
HI940182,15,7.08,클러스터4
HI941745,4,1.00,클러스터2
HI948138,6,5.29,클러스터5
HI949100,34,5.50,클러스터1
HI954427,39,3.92,클러스터1
HI957106,27,5.50,클러스터3
HI957144,4,3.60,클러스터5
HI958817,7,3.38,클러스터2
HI958991,4,9.50,클러스터4
HI959268,36,4.50,클러스터1
HI963277,44,3.83,클러스터1
HI963858,3,5.00,클러스터5
HI964680,17,5.92,클러스터3
HI965956,46,4.67,클러스터1
HI969539,17,6.83,클러스터3
HI969840,44,4.75,클러스터1
HI978590,44,5.17,클러스터1
HI980650,2,4.67,클러스터5
HI981240,18,6.92,클러스터3
HI984860,2,5.00,클러스터5
HI987024,9,2.57,클러스터2
HI990013,19,6.33,클러스터3
HI990855,37,4.50,클러스터1
HI992479,12,3.00,클러스터2
HI994023,7,7.43,클러스터4
HI994221,30,5.42,클러스터3
HI994796,16,6.33,클러스터3
HI995135,41,4.33,클러스터1
HI999153,29,5.00,클러스터3
IK000432,10,4.91,클러스터5
IK003033,24,5.33,클러스터3
IK003477,37,3.83,클러스터1
IK003701,13,7.08,클러스터4
IK004090,2,8.00,클러스터4
IK004574,21,5.67,클러스터3
IK004670,26,5.33,클러스터3
IK005076,16,5.92,클러스터3
IK006139,46,5.33,클러스터1
IK006186,5,3.67,클러스터5
IK007215,32,4.50,클러스터1
IK009011,6,5.71,클러스터5
IK010592,34,4.83,클러스터1
IK011787,11,1.80,클러스터2
IK013644,14,7.25,클러스터4
IK014287,12,2.00,클러스터2
IK015821,37,4.50,클러스터1
IK018825,43,5.25,클러스터1
IK023975,28,5.92,클러스터3
IK025456,12,3.00,클러스터2
IK025556,41,4.83,클러스터1
IK026319,9,4.60,클러스터5
IK027801,28,5.42,클러스터3
IK027932,31,4.92,클러스터1
IK028579,34,4.75,클러스터1
IK030432,4,9.00,클러스터4
IK030606,1,11.00,클러스터4
IK031542,38,4.33,클러스터1
IK032596,5,5.33,클러스터5
IK035242,2,9.00,클러스터4
IK037674,36,4.92,클러스터1
IK039344,4,7.25,클러스터4
IK040751,15,7.08,클러스터4
IK042838,12,7.58,클러스터4
IK044135,9,4.70,클러스터5
IK046372,29,4.75,클러스터3
IK051201,42,5.08,클러스터1
IK051737,43,4.50,클러스터1
IK052835,21,3.50,클러스터3
IK055692,46,5.67,클러스터1
IK056231,6,4.00,클러스터5
IK057216,6,5.86,클러스터5
IK057975,5,3.00,클러스터2
IK058141,30,5.92,클러스터3
IK059803,47,4.25,클러스터1
IK059828,8,4.67,클러스터5
IK060981,3,5.25,클러스터5
IK061114,32,5.08,클러스터1
IK061665,17,7.67,클러스터3
IK065131,5,4.67,클러스터5
IK066398,39,4.67,클러스터1
IK067006,15,7.42,클러스터4
IK067038,6,3.50,클러스터5
IK073126,21,5.58,클러스터3
IK077620,8,3.00,클러스터2
IK077913,28,5.58,클러스터3
IK081842,3,9.67,클러스터4
IK082424,11,5.17,클러스터5
IK083204,3,5.75,클러스터5
IK086599,39,4.92,클러스터1
IK087573,8,7.88,클러스터4
IK088722,21,6.00,클러스터3
IK088821,8,7.25,클러스터4
IK090562,5,4.33,클러스터5
IK092130,15,7.58,클러스터4
IK093147,13,2.50,클러스터2
IK094736,7,3.00,클러스터2
IK096992,43,4.17,클러스터1
IK098074,47,4.08,클러스터1
IK102369,47,4.75,클러스터1
IK102382,18,6.42,클러스터3
IK107909,11,2.50,클러스터2
IK109332,32,5.67,클러스터1
IK112757,21,5.92,클러스터3
IK114480,16,6.33,클러스터3
IK120435,20,5.67,클러스터3
IK123390,33,5.33,클러스터1
IK124414,46,5.08,클러스터1
IK125726,37,4.83,클러스터1
IK126851,1,4.50,클러스터5
IK129813,11,2.00,클러스터2
IK130171,42,4.67,클러스터1
IK130766,19,6.75,클러스터3
IK132840,4,4.40,클러스터5
IK133578,8,2.67,클러스터2
IK134460,2,5.33,클러스터5
IK142972,16,7.17,클러스터3
IK146888,9,2.00,클러스터2
IK147368,23,2.50,클러스터2
IK149763,19,5.25,클러스터3
IK151065,5,2.00,클러스터2
IK152942,4,3.60,클러스터5
IK155697,44,4.25,클러스터1
IK158306,28,5.42,클러스터3
IK159809,19,5.33,클러스터3
IK162208,3,5.25,클러스터5
IK164154,10,2.00,클러스터2
IK165785,4,4.60,클러스터5
IK166339,24,5.92,클러스터3
IK168411,2,4.67,클러스터5
IK171801,9,2.83,클러스터2
IK174853,27,4.17,클러스터3
IK179300,33,4.33,클러스터1
IK180880,16,6.83,클러스터3
IK184226,31,5.25,클러스터1
IK185443,10,2.00,클러스터2
IK186228,5,3.67,클러스터5
IK187041,18,5.92,클러스터3
IK190403,9,4.80,클러스터5
IK192713,36,3.92,클러스터1
IK195538,6,3.80,클러스터5
IK200910,42,4.67,클러스터1
IK205407,39,4.58,클러스터1
IK206015,6,2.75,클러스터2
IK211207,26,5.92,클러스터3
IK216492,20,5.33,클러스터3
IK218930,20,6.67,클러스터3
IK219142,44,4.75,클러스터1
IK219174,21,5.58,클러스터3
IK222829,2,9.00,클러스터4
IK228318,36,5.25,클러스터1
IK228443,37,5.25,클러스터1
IK234815,11,6.73,클러스터4
IK236489,16,6.83,클러스터3
IK241354,12,3.83,클러스터2
IK242206,29,5.50,클러스터3
IK242265,3,9.67,클러스터4
IK244606,5,4.83,클러스터5
IK248737,44,4.00,클러스터1
IK250551,26,6.00,클러스터3
IK250912,27,5.00,클러스터3
IK251979,5,4.67,클러스터5
IK252166,6,3.67,클러스터5
IK254439,17,6.00,클러스터3
IK258132,34,4.33,클러스터1
IK259509,1,10.00,클러스터4
IK266002,43,4.42,클러스터1
IK266585,11,8.45,클러스터4
IK267943,2,11.50,클러스터4
IK269914,19,5.75,클러스터3
IK271057,47,3.75,클러스터1
IK271631,24,4.92,클러스터3
IK274884,17,3.00,클러스터2
IK276561,28,5.42,클러스터3
IK279715,8,2.80,클러스터2
IK283032,3,7.67,클러스터4
IK286521,5,4.50,클러스터5
IK286995,19,6.50,클러스터3
IK287037,3,4.50,클러스터5
IK287071,24,6.33,클러스터3
IK288997,1,4.50,클러스터5
IK290152,2,2.50,클러스터2
IK292139,43,4.42,클러스터1
IK297680,21,7.00,클러스터3
IK297810,15,7.92,클러스터4
IK299294,6,3.33,클러스터2
IK306028,10,3.67,클러스터2
IK306874,32,4.00,클러스터1
IK311371,10,5.09,클러스터5
IK313475,45,5.58,클러스터1
IK315500,13,7.25,클러스터4
IK316371,2,8.50,클러스터4
IK317256,6,4.71,클러스터5
IK320222,41,4.67,클러스터1
IK322778,10,8.10,클러스터4
IK323315,11,2.50,클러스터2
IK323455,28,4.17,클러스터3
IK324758,41,3.75,클러스터1
IK326206,4,7.75,클러스터4
IK328604,4,4.00,클러스터5
IK331136,46,4.42,클러스터1
IK331285,3,4.25,클러스터5
IK331582,5,2.00,클러스터2
IK339856,41,4.33,클러스터1
IK341016,13,1.00,클러스터2
IK342588,7,4.75,클러스터5
IK351092,13,7.33,클러스터4
IK351199,10,3.89,클러스터2
IK351897,46,4.33,클러스터1
IK352765,13,7.33,클러스터4
IK354474,4,8.00,클러스터4
IK356680,11,8.27,클러스터4
IK357051,45,4.25,클러스터1
IK357517,4,4.20,클러스터5
IK357689,41,4.00,클러스터1
IK359438,25,5.25,클러스터3
IK364005,10,8.50,클러스터4
IK368409,9,2.00,클러스터2
IK371201,30,5.08,클러스터3
IK372117,1,9.00,클러스터4
IK373014,21,6.33,클러스터3
IK373678,40,4.92,클러스터1
IK376325,23,5.08,클러스터3
IK377339,2,6.67,클러스터4
IK377403,42,4.42,클러스터1
IK379208,17,6.58,클러스터3
IK387954,23,6.25,클러스터3
IK390163,41,4.42,클러스터1
IK391344,31,4.75,클러스터1
IK395179,31,4.92,클러스터1
IK396673,31,4.67,클러스터1
IK398825,19,7.83,클러스터3
IK403801,8,4.67,클러스터5
IK406947,4,8.25,클러스터4
IK407338,20,5.67,클러스터3
IK407687,11,3.92,클러스터2
IK417386,41,4.50,클러스터1
IK418585,3,5.00,클러스터5
IK429188,4,7.50,클러스터4
IK429268,12,7.50,클러스터4
IK429683,7,8.57,클러스터4
IK430848,6,4.57,클러스터5
IK431402,39,4.00,클러스터1
IK432403,6,2.75,클러스터2
IK433428,43,4.25,클러스터1
IK437465,4,7.50,클러스터4
IK438932,32,4.92,클러스터1
IK439676,1,10.00,클러스터4
IK446361,35,4.58,클러스터1
IK446815,44,5.33,클러스터1
IK448722,4,8.00,클러스터4
IK452215,15,7.25,클러스터4
IK452483,2,5.33,클러스터5
IK452806,28,5.83,클러스터3
IK453226,10,7.00,클러스터4
IK453330,42,4.50,클러스터1
IK460546,11,4.00,클러스터2
IK460685,29,6.00,클러스터3
IK461350,33,5.25,클러스터1
IK461411,45,4.83,클러스터1
IK462603,20,5.75,클러스터3
IK466976,4,7.75,클러스터4
IK468230,30,5.50,클러스터3
IK473112,1,5.00,클러스터5
IK477438,36,4.92,클러스터1
IK478859,31,5.25,클러스터1
IK480015,19,6.83,클러스터3
IK491887,9,4.90,클러스터5
IK508589,38,4.58,클러스터1
IK510241,25,6.17,클러스터3
IK510899,3,9.67,클러스터4
IK511263,9,3.38,클러스터2
IK514038,11,3.17,클러스터2
IK515733,4,9.00,클러스터4
IK516783,23,6.50,클러스터3
IK516841,44,4.58,클러스터1
IK518694,28,5.17,클러스터3
IK518800,9,4.13,클러스터5
IK519538,8,4.22,클러스터5
IK520591,38,4.83,클러스터1
IK524314,5,2.50,클러스터2
IK525000,9,3.67,클러스터2
IK526507,15,3.00,클러스터2
IK528327,7,4.75,클러스터5
IK529990,16,6.50,클러스터3
IK534014,39,3.67,클러스터1
IK537890,9,8.33,클러스터4
IK539935,2,7.50,클러스터4
IK540492,33,5.33,클러스터1
IK548249,9,4.70,클러스터5
IK549010,2,2.00,클러스터2
IK549613,12,4.67,클러스터5
IK552505,35,5.17,클러스터1
IK552816,5,4.17,클러스터5
IK552971,4,4.40,클러스터5
IK555274,19,4.00,클러스터3
IK557821,31,5.42,클러스터3
IK559274,43,4.25,클러스터1
IK559596,32,4.58,클러스터1
IK560712,25,6.25,클러스터3
IK560941,45,4.67,클러스터1
IK562556,6,8.17,클러스터4
IK562610,2,5.67,클러스터5
IK566847,4,4.20,클러스터5
IK568374,3,7.33,클러스터4
IK569155,44,4.92,클러스터1
IK571566,35,4.67,클러스터1
IK572153,33,5.00,클러스터1
IK572159,38,5.25,클러스터1
IK574425,19,6.42,클러스터3
IK574479,23,5.83,클러스터3
IK575241,9,3.90,클러스터5
IK575252,7,3.33,클러스터2
IK575556,5,7.40,클러스터4
IK577493,23,5.92,클러스터3
IK578389,7,3.50,클러스터2
IK580114,42,4.67,클러스터1
IK581952,34,4.08,클러스터1
IK582567,16,7.17,클러스터3
IK584824,12,7.42,클러스터4
IK584998,36,3.58,클러스터1
IK586219,31,5.67,클러스터3
IK588471,5,4.00,클러스터5
IK593765,5,8.80,클러스터4
IK593766,34,4.75,클러스터1
IK594280,38,4.75,클러스터1
IK595706,5,4.50,클러스터5
IK596141,22,5.33,클러스터3
IK597919,2,4.67,클러스터5
IK601294,8,3.67,클러스터2
IK602331,11,2.00,클러스터2
IK602905,3,4.25,클러스터5
IK603991,4,8.50,클러스터4
IK604091,5,2.50,클러스터2
IK604371,11,3.50,클러스터2
IK608489,42,4.83,클러스터1
IK611614,11,7.91,클러스터4
IK612587,38,4.67,클러스터1
IK613660,12,3.00,클러스터2
IK614204,35,5.17,클러스터1
IK615890,24,5.58,클러스터3
IK616816,43,4.33,클러스터1
IK616996,20,1.50,클러스터2
IK617484,8,4.33,클러스터5
IK619199,21,5.58,클러스터3
IK619330,5,8.00,클러스터4
IK619953,20,5.17,클러스터3
IK620970,15,7.17,클러스터4
IK623902,25,5.17,클러스터3
IK624245,7,4.50,클러스터5
IK624416,46,4.08,클러스터1
IK626454,1,9.00,클러스터4
IK626501,10,7.90,클러스터4
IK629720,6,4.71,클러스터5
IK631448,30,5.75,클러스터3
IK633711,17,6.00,클러스터3
IK638789,10,7.70,클러스터4
IK641037,7,2.00,클러스터2
IK641262,6,4.86,클러스터5
IK642724,11,5.50,클러스터5
IK644445,13,6.83,클러스터4
IK651569,6,4.71,클러스터5
IK652901,6,3.00,클러스터2
IK653458,14,7.33,클러스터4
IK654848,7,4.13,클러스터5
IK657837,32,5.33,클러스터1
IK660380,8,5.00,클러스터5
IK661109,32,4.83,클러스터1
IK661529,11,4.83,클러스터5
IK662672,11,3.75,클러스터2
IK662753,10,7.20,클러스터4
IK669065,13,7.25,클러스터4
IK670283,40,5.33,클러스터1
IK671472,18,6.42,클러스터3
IK672859,18,2.50,클러스터2
IK673736,5,3.33,클러스터5
IK676041,32,5.25,클러스터1
IK679292,12,2.50,클러스터2
IK679682,9,4.30,클러스터5
IK680230,4,4.00,클러스터5
IK683711,12,3.00,클러스터2
IK686301,37,3.83,클러스터1
IK686461,28,5.58,클러스터3
IK688052,14,6.83,클러스터4
IK689396,5,2.00,클러스터2
IK692635,1,10.00,클러스터4
IK693082,30,4.75,클러스터3
IK694377,12,3.20,클러스터2
IK695797,45,3.83,클러스터1
IK697663,4,9.00,클러스터4
IK697935,9,4.80,클러스터5
IK698337,2,2.00,클러스터2
IK699204,10,3.38,클러스터2
IK699513,18,6.33,클러스터3
IK701555,47,4.75,클러스터1
IK703077,23,4.56,클러스터3
IK704656,12,7.42,클러스터4
IK710780,7,3.75,클러스터5
IK712590,8,3.40,클러스터2
IK714626,8,4.44,클러스터5
IK720807,12,2.00,클러스터2
IK722730,8,2.00,클러스터2
IK726211,1,9.00,클러스터4
IK727029,12,2.67,클러스터2
IK730851,12,2.00,클러스터2
IK732196,35,5.17,클러스터1
IK732316,33,4.42,클러스터1
IK733351,43,4.58,클러스터1
IK733404,35,4.08,클러스터1
IK736758,23,4.92,클러스터3
IK740134,42,4.50,클러스터1
IK743815,26,5.58,클러스터3
IK743897,29,5.33,클러스터3
IK747199,27,4.58,클러스터3
IK749861,16,6.83,클러스터3
IK750625,19,6.17,클러스터3
IK751678,4,9.50,클러스터4
IK751998,42,5.25,클러스터1
IK753356,19,5.75,클러스터3
IK755553,14,6.92,클러스터4
IK755601,22,6.00,클러스터3
IK755649,40,4.75,클러스터1
IK757849,8,4.78,클러스터5
IK758927,10,7.00,클러스터4
IK761183,10,8.10,클러스터4
IK761631,9,4.20,클러스터5
IK766314,41,4.00,클러스터1
IK769245,5,8.80,클러스터4
IK770101,12,4.44,클러스터5
IK771427,42,3.75,클러스터1
IK772152,9,3.00,클러스터2
IK774332,2,4.67,클러스터5
IK775424,6,5.43,클러스터5
IK777885,2,5.33,클러스터5
IK779828,7,8.43,클러스터4
IK782104,11,5.00,클러스터5
IK783574,9,2.50,클러스터2
IK785510,4,9.00,클러스터4
IK787243,44,4.33,클러스터1
IK791659,33,5.00,클러스터1
IK794489,22,5.83,클러스터3
IK795154,5,3.50,클러스터5
IK795481,19,6.50,클러스터3
IK797502,15,6.58,클러스터3
IK799332,43,4.58,클러스터1
IK802122,8,8.50,클러스터4
IK802877,11,8.36,클러스터4
IK803368,7,7.86,클러스터4
IK804925,2,8.50,클러스터4
IK807110,11,3.70,클러스터2
IK809167,33,5.00,클러스터1
IK810639,38,3.92,클러스터1
IK816400,7,3.43,클러스터2
IK817088,9,2.50,클러스터2
IK820199,8,5.22,클러스터5
IK822921,18,6.42,클러스터3
IK823588,16,4.17,클러스터2
IK825670,7,2.50,클러스터2
IK828809,34,4.67,클러스터1
IK842365,32,5.17,클러스터1
IK844882,19,7.58,클러스터3
IK850378,28,5.33,클러스터3
IK851397,24,5.58,클러스터3
IK853515,25,4.83,클러스터3
IK853780,16,6.17,클러스터3
IK854778,8,3.22,클러스터2
IK855636,24,5.83,클러스터3
IK861991,9,9.44,클러스터4
IK862574,9,4.40,클러스터5
IK865460,21,5.92,클러스터3
IK866321,4,8.25,클러스터4
IK867288,5,6.60,클러스터4
IK871588,37,4.92,클러스터1
IK871961,24,6.25,클러스터3
IK872637,4,7.75,클러스터4
IK873661,9,3.11,클러스터2
IK874433,30,4.33,클러스터1
IK874524,35,4.50,클러스터1
IK874777,16,7.17,클러스터3
IK876176,8,7.75,클러스터4
IK877583,2,8.00,클러스터4
IK880102,31,5.92,클러스터3
IK881653,5,4.83,클러스터5
IK881709,9,4.10,클러스터5
IK883066,40,4.08,클러스터1
IK884794,6,5.14,클러스터5
IK886752,43,5.25,클러스터1
IK887179,9,2.00,클러스터2
IK888697,14,6.67,클러스터4
IK890445,39,5.00,클러스터1
IK891907,9,7.22,클러스터4
IK897447,32,4.58,클러스터1
IK899587,6,5.29,클러스터5
IK902787,46,4.08,클러스터1
IK904385,32,5.00,클러스터1
IK905330,29,5.00,클러스터3
IK907604,20,6.17,클러스터3
IK907713,27,5.33,클러스터3
IK911585,32,4.67,클러스터1
IK912733,16,2.00,클러스터2
IK913187,26,5.00,클러스터3
IK914829,16,7.17,클러스터3
IK921404,2,9.00,클러스터4
IK921715,1,6.50,클러스터4
IK923373,12,3.40,클러스터2
IK923881,19,6.25,클러스터3
IK927405,13,7.08,클러스터4
IK929378,26,6.33,클러스터3
IK930070,41,4.58,클러스터1
IK931165,20,6.00,클러스터3
IK936381,4,7.50,클러스터4
IK938063,10,2.00,클러스터2
IK938859,20,4.00,클러스터3
IK938961,4,10.00,클러스터4
IK942599,22,1.50,클러스터2
IK947853,1,8.00,클러스터4
IK951548,31,4.75,클러스터1
IK951755,2,9.00,클러스터4
IK953897,35,5.08,클러스터1
IK961793,8,3.00,클러스터2
IK964401,4,8.50,클러스터4
IK966075,11,3.60,클러스터2
IK967528,27,5.42,클러스터3
IK970822,2,6.67,클러스터4
IK972922,29,5.25,클러스터3
IK973289,4,3.40,클러스터5
IK975392,8,7.63,클러스터4
IK975905,11,3.55,클러스터2
IK978123,6,4.33,클러스터5
IK979321,4,8.00,클러스터4
IK979398,24,6.08,클러스터3
IK980021,5,9.00,클러스터4
IK980980,29,4.83,클러스터3
IK983460,42,5.25,클러스터1
IK985783,9,3.00,클러스터2
IK986011,43,4.83,클러스터1
IK986467,41,4.67,클러스터1
IK988092,11,4.75,클러스터5
IK988102,15,6.42,클러스터3
IK990829,27,5.92,클러스터3
IK995737,1,7.00,클러스터4
IK998240,27,6.00,클러스터3
IK999111,13,6.67,클러스터4
IK999272,46,3.92,클러스터1
OA000310,39,4.92,클러스터1
OA002160,3,8.00,클러스터4
OA003002,40,4.25,클러스터1
OA003684,9,4.00,클러스터5
OA004129,12,7.75,클러스터4
OA007004,24,5.50,클러스터3
OA007936,23,3.00,클러스터3
OA008665,30,4.50,클러스터3
OA016045,41,4.50,클러스터1
OA018910,24,5.50,클러스터3
OA020755,5,3.25,클러스터2
OA020996,34,4.25,클러스터1
OA021894,5,3.00,클러스터2
OA022685,4,3.00,클러스터2
OA023562,10,7.90,클러스터4
OA025439,45,4.58,클러스터1
OA025614,8,2.00,클러스터2
OA027325,4,7.75,클러스터4
OA030221,6,5.29,클러스터5
OA030640,11,2.20,클러스터2
OA032400,29,5.25,클러스터3
OA032662,10,3.00,클러스터2
OA034442,1,7.00,클러스터4
OA037898,24,5.25,클러스터3
OA038299,29,4.92,클러스터3
OA039044,10,3.00,클러스터2
OA041099,8,2.50,클러스터2
OA041301,23,5.75,클러스터3
OA046054,36,4.00,클러스터1
OA047996,24,5.75,클러스터3
OA052506,37,4.17,클러스터1
OA052852,12,4.13,클러스터2
OA053175,11,3.50,클러스터2
OA054208,32,4.50,클러스터1
OA057829,23,6.67,클러스터3
OA057953,12,7.08,클러스터4
OA058104,11,7.73,클러스터4
OA061430,23,5.67,클러스터3
OA061841,28,5.08,클러스터3
OA067269,13,7.17,클러스터4
OA068305,8,4.67,클러스터5
OA071756,47,4.17,클러스터1
OA072075,27,5.25,클러스터3
OA075024,43,5.00,클러스터1
OA076062,18,6.58,클러스터3
OA076575,2,4.33,클러스터5
OA078433,22,3.60,클러스터3
OA082154,38,4.58,클러스터1
OA082783,30,5.58,클러스터3
OA085890,44,3.92,클러스터1
OA086620,11,8.18,클러스터4
OA096118,40,4.75,클러스터1
OA096601,2,5.67,클러스터5
OA098556,41,4.75,클러스터1
OA100873,11,8.09,클러스터4
OA101976,39,4.67,클러스터1
OA103150,2,4.67,클러스터5
OA103624,46,5.17,클러스터1
OA103911,10,2.67,클러스터2
OA104261,2,7.50,클러스터4
OA104546,12,3.44,클러스터2
OA104710,17,6.83,클러스터3
OA105615,1,8.00,클러스터4
OA106766,3,7.33,클러스터4
OA107754,1,4.00,클러스터5
OA108854,30,4.83,클러스터3
OA109367,2,5.00,클러스터5
OA113186,35,4.83,클러스터1
OA113778,2,4.67,클러스터5
OA115840,16,6.33,클러스터3
OA116423,29,5.75,클러스터3
OA116646,4,8.25,클러스터4
OA124956,29,5.33,클러스터3
OA126055,10,4.82,클러스터5
OA129078,40,5.17,클러스터1
OA129113,5,7.60,클러스터4
OA131146,10,8.40,클러스터4
OA132029,34,5.00,클러스터1
OA134132,19,4.00,클러스터3
OA137459,4,2.50,클러스터2
OA138193,7,8.00,클러스터4
OA140594,6,4.29,클러스터5
OA140991,9,4.00,클러스터5
OA141161,3,10.00,클러스터4
OA143589,1,4.50,클러스터5
OA144483,18,5.25,클러스터3
OA148697,2,5.00,클러스터5
OA148999,2,8.00,클러스터4
OA152457,26,5.08,클러스터3
OA152987,30,6.00,클러스터3
OA154669,23,3.50,클러스터3
OA157445,8,3.89,클러스터5
OA161496,6,8.50,클러스터4
OA162065,33,4.25,클러스터1
OA164489,2,5.33,클러스터5
OA166132,41,4.17,클러스터1
OA175410,11,3.67,클러스터2
OA175481,5,3.33,클러스터5
OA176831,21,4.00,클러스터3
OA179234,20,2.00,클러스터2
OA181958,16,7.42,클러스터4
OA182166,18,5.92,클러스터3
OA184199,37,4.33,클러스터1
OA185331,4,8.00,클러스터4
OA186702,5,5.17,클러스터5
OA187758,28,4.58,클러스터3
OA190016,7,8.00,클러스터4
OA192308,27,6.08,클러스터3
OA195861,2,9.50,클러스터4
OA197856,4,8.75,클러스터4
OA198162,22,6.25,클러스터3
OA207255,10,7.00,클러스터4
OA207651,7,8.57,클러스터4
OA210660,23,5.75,클러스터3
OA210759,1,8.50,클러스터4
OA211420,10,3.91,클러스터2
OA212271,17,7.00,클러스터3
OA214272,17,6.83,클러스터3
OA215175,6,4.43,클러스터5
OA215868,16,3.00,클러스터2
OA224027,1,3.50,클러스터5
OA225076,46,4.33,클러스터1
OA225531,29,5.08,클러스터3
OA228506,22,6.25,클러스터3
OA232392,1,6.50,클러스터4
OA233706,27,5.00,클러스터3
OA236087,3,8.33,클러스터4
OA236156,46,4.08,클러스터1
OA239766,7,4.63,클러스터5
OA240963,34,3.92,클러스터1
OA241119,27,4.83,클러스터3
OA241695,18,6.42,클러스터3
OA245157,1,8.00,클러스터4
OA245705,9,7.22,클러스터4
OA245976,7,4.00,클러스터5
OA247479,8,4.89,클러스터5
OA248247,8,9.13,클러스터4
OA249823,19,6.33,클러스터3
OA250167,44,4.17,클러스터1
OA250792,22,5.75,클러스터3
OA251022,3,7.67,클러스터4
OA251840,20,6.08,클러스터3
OA252665,5,7.20,클러스터4
OA255039,43,4.83,클러스터1
OA261861,46,5.42,클러스터1
OA263631,19,5.33,클러스터3
OA266742,45,5.58,클러스터1
OA268998,6,5.00,클러스터5
OA270348,18,2.80,클러스터2
OA270440,38,4.17,클러스터1
OA273247,11,2.00,클러스터2
OA275903,5,8.20,클러스터4
OA278526,44,4.92,클러스터1
OA281070,32,4.42,클러스터1
OA283367,28,5.17,클러스터3
OA285691,43,5.42,클러스터1
OA286310,30,4.67,클러스터3
OA290351,39,4.92,클러스터1
OA290803,33,5.42,클러스터1
OA291049,2,6.33,클러스터5
OA294469,33,5.00,클러스터1
OA295880,15,7.33,클러스터4
OA296415,12,3.43,클러스터2
OA297467,38,4.00,클러스터1
OA297910,18,7.33,클러스터3
OA298480,8,7.88,클러스터4
OA301090,1,12.00,클러스터4
OA304121,5,9.20,클러스터4
OA307560,8,8.63,클러스터4
OA308429,11,3.00,클러스터2
OA308827,22,2.20,클러스터2
OA309867,18,6.58,클러스터3
OA309947,32,5.25,클러스터1
OA310354,45,4.50,클러스터1
OA311004,4,3.60,클러스터5
OA313854,44,3.75,클러스터1
OA316605,17,6.25,클러스터3
OA322328,33,4.75,클러스터1
OA322749,12,4.00,클러스터2
OA324181,12,1.00,클러스터2
OA324491,4,8.00,클러스터4
OA324857,2,5.67,클러스터5
OA327340,10,7.70,클러스터4
OA327486,24,5.83,클러스터3
OA328771,9,7.78,클러스터4
OA329115,36,4.83,클러스터1
OA332032,5,8.80,클러스터4
OA332826,10,7.40,클러스터4
OA334079,17,2.00,클러스터2
OA336650,20,6.00,클러스터3
OA346394,24,4.58,클러스터3
OA352833,42,5.08,클러스터1
OA353264,3,5.25,클러스터5
OA354722,27,5.33,클러스터3
OA357510,4,3.40,클러스터5
OA358651,18,5.83,클러스터3
OA361949,8,8.25,클러스터4
OA362502,29,4.83,클러스터3
OA366759,2,5.00,클러스터5
OA368057,44,3.58,클러스터1
OA369571,35,4.50,클러스터1
OA372777,47,3.67,클러스터1
OA374469,2,8.00,클러스터4
OA375487,45,4.08,클러스터1
OA375793,18,6.75,클러스터3
OA377206,6,5.00,클러스터5
OA377888,26,5.00,클러스터3
OA379819,28,5.08,클러스터3
OA380969,19,5.83,클러스터3
OA381610,4,7.50,클러스터4
OA381877,11,1.00,클러스터2
OA383490,28,5.17,클러스터3
OA385689,2,6.00,클러스터5
OA386378,4,8.00,클러스터4
OA386824,30,4.83,클러스터3
OA388010,16,6.25,클러스터3
OA388131,39,3.75,클러스터1
OA389068,10,8.50,클러스터4
OA393110,4,4.40,클러스터5
OA393462,32,4.17,클러스터1
OA396265,31,5.42,클러스터3
OA396508,29,4.92,클러스터3
OA396855,9,4.30,클러스터5
OA397694,8,4.44,클러스터5
OA398636,27,5.33,클러스터3
OA399367,6,5.14,클러스터5
OA401352,34,4.67,클러스터1
OA402491,9,4.30,클러스터5
OA402979,29,5.75,클러스터3
OA405652,9,4.40,클러스터5
OA406392,32,4.25,클러스터1
OA406772,12,4.13,클러스터2
OA408529,41,4.17,클러스터1
OA409321,40,4.33,클러스터1
OA410852,25,5.50,클러스터3
OA417856,8,4.22,클러스터5
OA419310,40,5.33,클러스터1
OA419926,8,3.78,클러스터5
OA420229,3,4.75,클러스터5
OA422340,11,3.63,클러스터2
OA422514,23,2.67,클러스터3
OA423141,25,5.58,클러스터3
OA423930,40,4.08,클러스터1
OA426023,4,9.50,클러스터4
OA427079,43,3.83,클러스터1
OA427655,16,6.67,클러스터3
OA433460,38,4.25,클러스터1
OA435380,3,4.50,클러스터5
OA436769,8,7.00,클러스터4
OA440090,10,4.50,클러스터5
OA440389,22,6.33,클러스터3
OA441503,8,4.78,클러스터5
OA441851,1,6.50,클러스터4
OA443238,14,6.83,클러스터4
OA449475,19,5.83,클러스터3
OA449732,3,4.25,클러스터5
OA449747,7,3.40,클러스터2
OA451747,11,4.20,클러스터5
OA451950,7,3.13,클러스터2
OA452734,31,5.08,클러스터1
OA459530,27,5.17,클러스터3
OA462037,15,6.92,클러스터3
OA462757,42,4.92,클러스터1
OA463946,4,8.75,클러스터4
OA467198,29,5.75,클러스터3
OA467560,32,5.67,클러스터1
OA467724,2,4.33,클러스터5
OA468240,16,6.42,클러스터3
OA470195,34,5.33,클러스터1
OA471356,27,5.00,클러스터3
OA472503,9,5.10,클러스터5
OA476099,20,7.08,클러스터3
OA476198,31,4.25,클러스터1
OA478509,47,4.67,클러스터1
OA481981,4,1.00,클러스터2
OA483899,6,8.50,클러스터4
OA484337,10,5.09,클러스터5
OA484479,44,4.17,클러스터1
OA492747,12,4.36,클러스터5
OA493465,6,3.33,클러스터2
OA497318,1,8.00,클러스터4
OA500718,30,5.08,클러스터3
OA500792,7,4.75,클러스터5
OA501813,25,5.00,클러스터3
OA504016,46,3.83,클러스터1
OA507872,2,6.33,클러스터5
OA510950,5,2.00,클러스터2
OA510981,32,3.83,클러스터1
OA510985,17,6.67,클러스터3
OA511050,24,5.33,클러스터3
OA512978,22,3.60,클러스터3
OA514351,5,6.80,클러스터4
OA515865,31,5.25,클러스터1
OA516337,10,4.00,클러스터2
OA524517,41,4.67,클러스터1
OA535401,16,6.67,클러스터3
OA536894,12,4.00,클러스터2
OA538627,18,6.25,클러스터3
OA543860,41,4.83,클러스터1
OA544396,43,4.75,클러스터1
OA545330,18,6.17,클러스터3
OA545439,3,8.67,클러스터4
OA545809,44,4.33,클러스터1
OA546013,30,5.33,클러스터3
OA546913,8,5.56,클러스터5
OA549397,9,7.78,클러스터4
OA551532,41,4.67,클러스터1
OA554076,37,4.17,클러스터1
OA557824,47,4.25,클러스터1
OA558072,32,4.58,클러스터1
OA558405,7,2.67,클러스터2
OA558666,3,7.33,클러스터4
OA564097,2,6.33,클러스터5
OA564685,13,8.08,클러스터4
OA567940,8,4.67,클러스터5
OA568136,19,3.00,클러스터2
OA570624,17,7.33,클러스터3
OA571994,7,1.67,클러스터2
OA574788,34,4.50,클러스터1
OA575659,6,7.83,클러스터4
OA575737,20,6.33,클러스터3
OA576440,31,4.67,클러스터1
OA577082,4,4.20,클러스터5
OA577875,7,7.57,클러스터4
OA578672,11,8.00,클러스터4
OA584488,17,4.36,클러스터3
OA587066,19,5.50,클러스터3
OA589436,30,5.00,클러스터3
OA590881,4,3.00,클러스터2
OA591930,10,4.78,클러스터5
OA594265,1,6.00,클러스터5
OA594481,6,4.14,클러스터5
OA596935,5,5.17,클러스터5
OA599018,4,3.80,클러스터5
OA599080,5,5.33,클러스터5
OA602580,34,5.08,클러스터1
OA602923,38,3.75,클러스터1
OA604390,31,5.92,클러스터3
OA607825,28,5.33,클러스터3
OA613034,9,7.67,클러스터4
OA614379,8,4.00,클러스터5
OA616549,1,9.00,클러스터4
OA620655,36,4.67,클러스터1
OA628170,43,4.67,클러스터1
OA630902,46,4.67,클러스터1
OA632663,3,7.67,클러스터4
OA635459,4,3.40,클러스터5
OA637232,34,4.67,클러스터1
OA639218,3,2.50,클러스터2
OA640152,22,6.00,클러스터3
OA641335,20,5.75,클러스터3
OA642994,35,4.92,클러스터1
OA643695,1,11.00,클러스터4
OA652642,8,4.00,클러스터5
OA653002,9,5.90,클러스터5
OA655348,11,4.33,클러스터5
OA657660,38,5.17,클러스터1
OA659141,4,2.00,클러스터2
OA660152,11,7.73,클러스터4
OA661244,21,6.50,클러스터3
OA663815,8,4.56,클러스터5
OA664293,1,6.00,클러스터5
OA666190,7,3.50,클러스터2
OA667284,26,5.83,클러스터3
OA668076,27,4.58,클러스터3
OA669176,9,4.80,클러스터5
OA671084,6,2.33,클러스터2
OA672463,9,6.78,클러스터4
OA673896,16,6.42,클러스터3
OA675891,23,5.08,클러스터3
OA676083,13,3.80,클러스터2
OA680638,10,4.55,클러스터5
OA681518,10,1.00,클러스터2
OA682046,8,7.25,클러스터4
OA684421,5,3.80,클러스터5
OA689083,4,8.00,클러스터4
OA689729,6,7.17,클러스터4
OA691219,4,9.00,클러스터4
OA694533,12,8.17,클러스터4
OA694885,35,3.67,클러스터1
OA695959,10,4.18,클러스터5
OA697065,6,1.50,클러스터2
OA698422,27,5.67,클러스터3
OA701687,34,4.75,클러스터1
OA702752,28,5.58,클러스터3
OA704361,33,4.83,클러스터1
OA705805,20,5.67,클러스터3
OA707923,37,4.50,클러스터1
OA710903,10,5.00,클러스터5
OA712919,30,5.00,클러스터3
OA719899,40,4.33,클러스터1
OA721349,36,4.75,클러스터1
OA725438,1,9.00,클러스터4
OA732282,22,6.83,클러스터3
OA735216,33,5.08,클러스터1
OA736386,34,5.17,클러스터1
OA736727,7,8.29,클러스터4
OA737164,23,5.33,클러스터3
OA737426,41,4.75,클러스터1
OA739016,3,6.67,클러스터4
OA747936,46,5.25,클러스터1
OA748749,4,3.80,클러스터5
OA751110,41,5.00,클러스터1
OA752333,3,4.50,클러스터5
OA753193,45,4.67,클러스터1
OA755989,11,4.40,클러스터5
OA758034,31,4.92,클러스터1
OA758157,47,4.00,클러스터1
OA760582,38,4.17,클러스터1
OA761455,10,4.09,클러스터5
OA763272,43,4.25,클러스터1
OA764380,18,6.42,클러스터3
OA768446,42,4.00,클러스터1
OA769163,23,6.08,클러스터3
OA771942,3,9.67,클러스터4
OA775014,7,5.13,클러스터5
OA776086,46,3.50,클러스터1
OA776184,1,8.00,클러스터4
OA777947,7,3.25,클러스터2
OA779848,6,8.50,클러스터4
OA781309,12,2.50,클러스터2
OA781562,14,7.75,클러스터4
OA782311,15,6.83,클러스터3
OA783122,8,2.00,클러스터2
OA785110,11,2.00,클러스터2
OA786284,21,6.17,클러스터3
OA788734,4,9.50,클러스터4
OA788987,2,6.00,클러스터5
OA789036,47,4.75,클러스터1
OA790739,47,4.83,클러스터1
OA791937,41,4.08,클러스터1
OA794542,30,5.08,클러스터3
OA794712,11,7.91,클러스터4
OA795064,4,4.40,클러스터5
OA795599,17,3.64,클러스터2
OA796761,8,8.88,클러스터4
OA797088,1,7.00,클러스터4
OA798178,12,1.80,클러스터2
OA798459,19,4.00,클러스터3
OA802485,4,4.00,클러스터5
OA802798,11,7.18,클러스터4
OA803393,47,4.75,클러스터1
OA804659,9,3.00,클러스터2
OA805868,18,6.50,클러스터3
OA808374,40,4.67,클러스터1
OA812079,13,7.08,클러스터4
OA812823,4,9.25,클러스터4
OA814667,35,5.25,클러스터1
OA816679,34,4.75,클러스터1
OA816818,19,2.33,클러스터2
OA818294,27,5.75,클러스터3
OA818666,46,5.08,클러스터1
OA820321,5,2.00,클러스터2
OA822905,33,5.33,클러스터1
OA823412,44,5.50,클러스터1
OA823729,6,4.57,클러스터5
OA829372,31,4.42,클러스터1
OA831535,1,6.50,클러스터4
OA832399,47,4.83,클러스터1
OA832624,29,5.58,클러스터3
OA832666,13,4.67,클러스터5
OA834443,40,4.08,클러스터1
OA834676,1,6.00,클러스터5
OA836088,35,5.17,클러스터1
OA837154,12,2.50,클러스터2
OA840257,22,5.92,클러스터3
OA842166,39,4.92,클러스터1
OA844565,38,4.33,클러스터1
OA846208,21,5.00,클러스터3
OA846610,5,2.00,클러스터2
OA848183,6,8.17,클러스터4
OA850618,8,3.89,클러스터5
OA854705,39,4.58,클러스터1
OA855863,16,6.50,클러스터3
OA861332,13,7.08,클러스터4
OA862614,42,4.50,클러스터1
OA866679,3,8.67,클러스터4
OA868549,3,5.50,클러스터5
OA869095,40,4.42,클러스터1
OA869136,44,4.08,클러스터1
OA869840,10,7.70,클러스터4
OA871608,26,5.92,클러스터3
OA872586,4,7.25,클러스터4
OA874597,26,5.08,클러스터3
OA876184,37,5.42,클러스터1
OA882717,11,1.75,클러스터2
OA885929,41,4.17,클러스터1
OA886148,3,5.00,클러스터5
OA886918,15,6.75,클러스터3
OA886981,3,6.67,클러스터4
OA892107,4,5.75,클러스터5
OA893650,1,5.50,클러스터5
OA896685,27,5.42,클러스터3
OA897552,6,4.43,클러스터5
OA901027,3,9.00,클러스터4
OA904369,23,5.25,클러스터3
OA909231,15,7.08,클러스터4
OA911569,8,7.88,클러스터4
OA912932,29,5.50,클러스터3
OA916298,20,5.50,클러스터3
OA916618,4,7.00,클러스터4
OA917468,3,5.50,클러스터5
OA917517,26,5.08,클러스터3
OA917563,6,2.33,클러스터2
OA923186,7,4.25,클러스터5
OA923215,13,7.17,클러스터4
OA924324,39,3.50,클러스터1
OA930488,31,4.67,클러스터1
OA931177,7,7.43,클러스터4
OA931227,46,4.50,클러스터1
OA933190,46,4.58,클러스터1
OA935848,4,8.50,클러스터4
OA940123,3,4.00,클러스터5
OA940460,35,4.25,클러스터1
OA944593,4,3.00,클러스터2
OA945296,12,2.80,클러스터2
OA947794,6,4.57,클러스터5
OA948852,7,3.00,클러스터2
OA952474,31,4.83,클러스터1
OA953150,1,11.00,클러스터4
OA953837,36,4.50,클러스터1
OA953933,25,5.58,클러스터3
OA955085,44,4.50,클러스터1
OA955088,10,2.80,클러스터2
OA959837,37,4.83,클러스터1
OA962394,4,8.00,클러스터4
OA962428,43,4.42,클러스터1
OA963366,25,5.67,클러스터3
OA963991,41,3.50,클러스터1
OA965409,23,5.75,클러스터3
OA967616,35,4.67,클러스터1
OA969891,12,2.50,클러스터2
OA973146,8,4.67,클러스터5
OA974876,47,4.58,클러스터1
OA979523,7,9.00,클러스터4
OA981416,6,8.00,클러스터4
OA981813,9,3.00,클러스터2
OA982505,32,4.50,클러스터1
OA983554,31,5.00,클러스터1
OA985308,34,4.25,클러스터1
OA986148,6,2.25,클러스터2
OA986961,45,4.67,클러스터1
OA994859,47,5.50,클러스터1
OA996311,20,5.33,클러스터3
OA998167,30,5.00,클러스터3
OA999412,20,6.17,클러스터3
PL000073,10,5.00,클러스터5
PL000560,3,4.75,클러스터5
PL001979,34,4.75,클러스터1
PL003181,36,3.92,클러스터1
PL003692,11,7.27,클러스터4
PL004477,5,1.00,클러스터2
PL008262,20,5.92,클러스터3
PL011734,4,4.60,클러스터5
PL011886,39,4.08,클러스터1
PL012044,12,7.25,클러스터4
PL012521,19,6.25,클러스터3
PL013000,11,7.73,클러스터4
PL013667,36,5.25,클러스터1
PL018417,8,8.13,클러스터4
PL020585,40,4.67,클러스터1
PL020821,16,6.92,클러스터3
PL023132,17,5.83,클러스터3
PL023264,35,4.17,클러스터1
PL028675,8,7.13,클러스터4
PL031186,3,8.67,클러스터4
PL031436,9,4.60,클러스터5
PL033359,13,3.00,클러스터2
PL036627,12,4.25,클러스터2
PL042341,17,5.83,클러스터3
PL043142,14,6.50,클러스터3
PL043513,20,3.73,클러스터3
PL043724,3,10.67,클러스터4
PL044696,7,2.40,클러스터2
PL046622,41,5.25,클러스터1
PL046877,5,7.40,클러스터4
PL049278,25,5.50,클러스터3
PL049709,28,5.25,클러스터3
PL050511,12,3.00,클러스터2
PL053548,14,7.58,클러스터4
PL057547,22,5.83,클러스터3
PL064289,7,3.75,클러스터5
PL067195,25,5.42,클러스터3
PL071673,27,5.50,클러스터3
PL074136,8,4.11,클러스터5
PL077120,14,7.92,클러스터4
PL080089,38,4.33,클러스터1
PL081925,42,4.25,클러스터1
PL082485,16,6.58,클러스터3
PL085479,32,5.00,클러스터1
PL087063,22,4.45,클러스터3
PL089632,5,9.40,클러스터4
PL089782,32,4.58,클러스터1
PL093071,39,4.92,클러스터1
PL093468,12,3.00,클러스터2
PL101549,44,4.75,클러스터1
PL102815,6,8.17,클러스터4
PL103369,23,5.42,클러스터3
PL103598,8,3.33,클러스터2
PL111345,14,3.14,클러스터2
PL112227,37,3.92,클러스터1
PL112670,23,5.33,클러스터3
PL113746,12,3.33,클러스터2
PL113781,20,6.17,클러스터3
PL113946,5,5.00,클러스터5
PL117922,45,3.92,클러스터1
PL127975,7,7.86,클러스터4
PL128063,17,2.00,클러스터2
PL130829,31,5.67,클러스터3
PL136126,36,4.50,클러스터1
PL136393,35,4.50,클러스터1
PL137718,30,5.42,클러스터3
PL142274,37,4.92,클러스터1
PL144435,43,3.83,클러스터1
PL145308,2,2.50,클러스터2
PL145577,8,4.11,클러스터5
PL147335,16,6.58,클러스터3
PL147603,35,4.00,클러스터1
PL148706,11,7.27,클러스터4
PL150080,32,5.08,클러스터1
PL152339,40,4.17,클러스터1
PL152568,47,4.67,클러스터1
PL154639,4,4.00,클러스터5
PL163921,15,3.33,클러스터2
PL163967,37,4.00,클러스터1
PL166709,17,5.83,클러스터3
PL170709,1,7.00,클러스터4
PL174258,14,6.75,클러스터4
PL177911,4,4.00,클러스터5
PL181118,35,4.67,클러스터1
PL183628,2,4.67,클러스터5
PL185504,2,9.50,클러스터4
PL186773,38,4.00,클러스터1
PL188221,4,7.75,클러스터4
PL188904,40,4.75,클러스터1
PL191690,9,2.67,클러스터2
PL191813,20,5.50,클러스터3
PL191946,7,8.00,클러스터4
PL195051,11,3.00,클러스터2
PL197632,12,4.70,클러스터5
PL198428,8,2.80,클러스터2
PL198544,35,4.50,클러스터1
PL201071,32,4.67,클러스터1
PL201799,16,7.08,클러스터3
PL207100,1,11.00,클러스터4
PL210567,26,5.17,클러스터3
PL214225,18,6.67,클러스터3
PL214920,33,4.17,클러스터1
PL215097,26,5.25,클러스터3
PL215752,11,4.73,클러스터5
PL217190,28,4.92,클러스터3
PL221419,47,5.50,클러스터1
PL221756,16,4.17,클러스터2
PL225043,4,8.00,클러스터4
PL227814,12,7.25,클러스터4
PL228159,22,5.50,클러스터3
PL229628,9,3.75,클러스터2
PL231193,4,7.50,클러스터4
PL233729,6,4.20,클러스터5
PL237753,8,8.00,클러스터4
PL240187,5,8.00,클러스터4
PL241896,47,4.33,클러스터1
PL242307,27,5.92,클러스터3
PL245159,45,4.42,클러스터1
PL247947,4,4.80,클러스터5
PL248170,12,2.00,클러스터2
PL248851,10,5.45,클러스터5
PL249372,5,5.00,클러스터5
PL249996,40,4.25,클러스터1
PL251182,39,5.17,클러스터1
PL253621,31,5.50,클러스터3
PL255598,7,8.43,클러스터4
PL255830,38,3.92,클러스터1
PL256725,24,6.33,클러스터3
PL257294,10,4.00,클러스터2
PL258167,5,1.00,클러스터2
PL259109,27,5.00,클러스터3
PL267719,25,5.92,클러스터3
PL270116,47,5.08,클러스터1
PL270286,6,3.20,클러스터2
PL270733,15,6.67,클러스터3
PL279584,9,7.67,클러스터4
PL283747,15,7.00,클러스터4
PL287258,6,2.50,클러스터2
PL288896,8,8.38,클러스터4
PL290850,3,9.00,클러스터4
PL294980,29,5.67,클러스터3
PL297992,8,3.25,클러스터2
PL299549,25,6.42,클러스터3
PL300201,9,4.60,클러스터5
PL301649,7,7.86,클러스터4
PL302409,33,4.67,클러스터1
PL302535,12,7.92,클러스터4
PL303162,16,7.08,클러스터3
PL304252,12,2.50,클러스터2
PL305915,8,8.75,클러스터4
PL307270,24,5.67,클러스터3
PL309891,5,2.75,클러스터2
PL310669,9,4.00,클러스터5
PL311399,9,4.80,클러스터5
PL312029,5,3.25,클러스터2
PL314896,12,3.00,클러스터2
PL315222,12,2.67,클러스터2
PL316635,39,4.58,클러스터1
PL320453,6,4.29,클러스터5
PL322167,8,2.88,클러스터2
PL322930,6,8.00,클러스터4
PL323691,4,4.00,클러스터5
PL325020,14,7.67,클러스터4
PL326209,3,7.67,클러스터4
PL327386,5,9.00,클러스터4
PL328238,3,8.67,클러스터4
PL329312,20,6.42,클러스터3
PL331522,27,5.33,클러스터3
PL332864,2,8.00,클러스터4
PL333517,11,7.09,클러스터4
PL335953,11,2.60,클러스터2
PL337214,8,4.56,클러스터5
PL338734,15,3.50,클러스터2
PL339883,34,5.50,클러스터1
PL340906,9,1.80,클러스터2
PL342349,5,8.20,클러스터4
PL342449,46,4.17,클러스터1
PL343970,42,5.25,클러스터1
PL346258,26,5.67,클러스터3
PL350979,8,7.75,클러스터4
PL351450,20,7.08,클러스터3
PL351843,41,5.17,클러스터1
PL352661,20,6.42,클러스터3
PL353207,21,4.45,클러스터3
PL353504,6,7.33,클러스터4
PL355994,3,8.67,클러스터4
PL356645,15,3.60,클러스터2
PL360369,6,3.60,클러스터5
PL360669,30,4.75,클러스터3
PL361492,11,3.44,클러스터2
PL366184,7,2.50,클러스터2
PL367795,46,3.42,클러스터1
PL368003,32,5.67,클러스터1
PL371198,1,6.00,클러스터5
PL371500,36,5.08,클러스터1
PL374717,18,6.25,클러스터3
PL379434,6,4.00,클러스터5
PL381578,31,5.17,클러스터1
PL381656,27,5.17,클러스터3
PL382309,4,7.50,클러스터4
PL390331,8,8.38,클러스터4
PL391002,19,2.00,클러스터2
PL391700,6,2.00,클러스터2
PL392913,23,5.17,클러스터3
PL394207,43,4.83,클러스터1
PL396593,22,4.00,클러스터3
PL397032,9,3.80,클러스터2
PL397039,7,7.43,클러스터4
PL399207,34,4.67,클러스터1
PL400427,27,5.50,클러스터3
PL400479,46,4.17,클러스터1
PL400581,4,8.75,클러스터4
PL400892,5,4.83,클러스터5
PL403622,10,1.00,클러스터2
PL405819,4,8.50,클러스터4
PL407221,14,7.00,클러스터4
PL407755,36,3.92,클러스터1
PL409655,3,4.00,클러스터5
PL410964,46,4.25,클러스터1
PL415606,32,4.33,클러스터1
PL417119,12,3.67,클러스터2
PL417414,3,4.50,클러스터5
PL417753,9,7.67,클러스터4
PL424051,5,7.60,클러스터4
PL425556,2,8.50,클러스터4
PL425572,1,7.00,클러스터4
PL430333,17,6.08,클러스터3
PL431024,1,1.00,클러스터2
PL432893,11,7.64,클러스터4
PL433500,2,5.67,클러스터5
PL435064,19,6.50,클러스터3
PL442689,18,2.00,클러스터2
PL443639,25,5.33,클러스터3
PL445190,45,3.83,클러스터1
PL456313,46,3.75,클러스터1
PL458124,15,6.58,클러스터3
PL459045,35,5.00,클러스터1
PL469296,18,3.29,클러스터2
PL470792,25,5.75,클러스터3
PL471336,35,5.00,클러스터1
PL471805,19,3.50,클러스터2
PL472728,4,4.20,클러스터5
PL474958,20,5.50,클러스터3
PL479702,22,5.67,클러스터3
PL481814,13,7.33,클러스터4
PL483435,2,9.00,클러스터4
PL483945,12,3.43,클러스터2
PL487301,46,4.58,클러스터1
PL487696,24,5.17,클러스터3
PL491769,1,7.00,클러스터4
PL494564,46,4.42,클러스터1
PL495290,36,5.00,클러스터1
PL499733,18,6.17,클러스터3
PL500772,26,6.00,클러스터3
PL502162,2,8.50,클러스터4
PL502982,36,5.33,클러스터1
PL504040,41,4.58,클러스터1
PL504784,3,7.67,클러스터4
PL505013,32,4.92,클러스터1
PL505814,39,4.67,클러스터1
PL506207,39,4.83,클러스터1
PL507166,43,4.08,클러스터1
PL508278,1,7.00,클러스터4
PL508504,4,4.00,클러스터5
PL512409,8,4.33,클러스터5
PL512535,24,6.00,클러스터3
PL519738,3,8.33,클러스터4
PL520159,20,6.08,클러스터3
PL522022,26,4.83,클러스터3
PL524403,11,2.00,클러스터2
PL526101,4,3.00,클러스터2
PL527945,29,5.17,클러스터3
PL534171,24,5.00,클러스터3
PL535994,7,3.50,클러스터2
PL538517,27,5.25,클러스터3
PL540895,46,4.67,클러스터1
PL541970,5,4.17,클러스터5
PL542727,1,7.00,클러스터4
PL542865,7,4.00,클러스터5
PL543177,1,1.00,클러스터2
PL545617,1,9.00,클러스터4
PL549629,21,6.25,클러스터3
PL550805,31,4.83,클러스터1
PL551489,14,6.67,클러스터4
PL552906,40,4.58,클러스터1
PL556767,15,6.33,클러스터3
PL558375,17,6.25,클러스터3
PL560620,11,7.27,클러스터4
PL562542,40,4.83,클러스터1
PL563502,9,7.78,클러스터4
PL564760,27,5.08,클러스터3
PL570199,29,5.00,클러스터3
PL571624,15,6.83,클러스터3
PL572723,18,6.17,클러스터3
PL573375,17,7.17,클러스터3
PL573838,2,6.67,클러스터4
PL576453,41,5.00,클러스터1
PL576454,5,5.00,클러스터5
PL576686,10,2.00,클러스터2
PL577070,20,6.08,클러스터3
PL582174,20,5.17,클러스터3
PL586396,9,8.11,클러스터4
PL587525,38,4.25,클러스터1
PL587969,30,5.00,클러스터3
PL589030,39,5.25,클러스터1
PL594064,7,3.50,클러스터2
PL594922,9,2.00,클러스터2
PL597186,17,2.33,클러스터2
PL597901,7,4.50,클러스터5
PL601016,39,4.50,클러스터1
PL609859,31,5.17,클러스터1
PL613503,7,9.14,클러스터4
PL613759,4,4.00,클러스터5
PL614797,39,5.08,클러스터1
PL615581,21,6.92,클러스터3
PL617565,29,5.00,클러스터3
PL619936,21,3.90,클러스터3
PL622205,22,5.42,클러스터3
PL624566,36,4.25,클러스터1
PL628468,26,6.08,클러스터3
PL632024,4,9.75,클러스터4
PL632987,10,2.00,클러스터2
PL634236,43,3.58,클러스터1
PL635475,25,6.58,클러스터3
PL636860,23,5.42,클러스터3
PL639331,22,6.25,클러스터3
PL644166,2,7.00,클러스터4
PL647280,4,3.80,클러스터5
PL648343,40,4.08,클러스터1
PL649133,20,6.00,클러스터3
PL649138,6,4.86,클러스터5
PL650353,29,4.75,클러스터3
PL652437,44,4.83,클러스터1
PL654732,21,6.00,클러스터3
PL658829,2,6.00,클러스터5
PL659352,26,5.83,클러스터3
PL659401,31,5.00,클러스터1
PL659736,2,8.50,클러스터4
PL660410,37,4.17,클러스터1
PL661925,5,1.00,클러스터2
PL664277,42,5.08,클러스터1
PL666557,38,4.83,클러스터1
PL666665,28,5.42,클러스터3
PL666694,6,5.57,클러스터5
PL672176,4,7.25,클러스터4
PL675446,6,3.33,클러스터2
PL677323,43,5.33,클러스터1
PL678909,9,7.67,클러스터4
PL679438,4,8.25,클러스터4
PL681000,11,3.00,클러스터2
PL682733,36,4.92,클러스터1
PL683089,9,4.20,클러스터5
PL695626,4,7.50,클러스터4
PL695674,34,4.33,클러스터1
PL697202,12,3.10,클러스터2
PL701153,32,4.67,클러스터1
PL703435,41,4.33,클러스터1
PL704025,42,4.92,클러스터1
PL704411,4,8.00,클러스터4
PL705609,31,5.42,클러스터3
PL706222,3,8.33,클러스터4
PL706600,21,5.58,클러스터3
PL708032,6,2.50,클러스터2
PL709791,40,4.92,클러스터1
PL709804,6,3.14,클러스터2
PL710888,40,5.00,클러스터1
PL712561,32,5.00,클러스터1
PL729017,4,7.25,클러스터4
PL730756,31,5.33,클러스터3
PL731207,31,5.00,클러스터1
PL731429,16,6.50,클러스터3
PL732008,15,7.33,클러스터4
PL734553,6,5.86,클러스터5
PL737511,6,5.71,클러스터5
PL739117,43,4.67,클러스터1
PL739722,2,5.00,클러스터5
PL740932,3,6.67,클러스터4
PL741960,33,5.50,클러스터1
PL744590,4,4.20,클러스터5
PL744883,4,4.80,클러스터5
PL745124,8,3.44,클러스터2
PL746077,30,4.92,클러스터3
PL746115,14,7.25,클러스터4
PL746909,29,4.58,클러스터3
PL749842,12,3.50,클러스터2
PL750322,31,5.00,클러스터1
PL753720,43,4.33,클러스터1
PL754630,10,8.60,클러스터4
PL758046,40,5.33,클러스터1
PL758737,21,6.00,클러스터3
PL759158,28,5.08,클러스터3
PL759951,4,4.60,클러스터5
PL764577,4,9.00,클러스터4
PL764756,23,5.92,클러스터3
PL765022,47,4.58,클러스터1
PL766227,23,6.08,클러스터3
PL769414,2,5.67,클러스터5
PL779205,31,5.25,클러스터1
PL779242,46,4.50,클러스터1
PL783702,28,4.17,클러스터3
PL784647,4,1.00,클러스터2
PL784859,28,4.17,클러스터3
PL786455,40,4.83,클러스터1
PL787344,45,3.33,클러스터1
PL787939,2,8.50,클러스터4
PL790086,7,4.88,클러스터5
PL792014,5,2.00,클러스터2
PL798417,14,7.25,클러스터4
PL799172,10,4.80,클러스터5
PL801504,32,4.67,클러스터1
PL806332,6,6.00,클러스터5
PL806914,9,4.20,클러스터5
PL812388,45,4.42,클러스터1
PL813822,5,8.20,클러스터4
PL815569,46,4.25,클러스터1
PL817078,34,4.67,클러스터1
PL817645,41,3.92,클러스터1
PL819882,20,6.50,클러스터3
PL820138,5,7.40,클러스터4
PL821971,16,7.33,클러스터3
PL823122,10,8.30,클러스터4
PL825454,46,4.42,클러스터1
PL826676,3,4.50,클러스터5
PL827485,45,4.42,클러스터1
PL828083,16,6.25,클러스터3
PL829579,2,5.00,클러스터5
PL833813,6,8.83,클러스터4
PL834061,10,6.70,클러스터4
PL834411,47,4.92,클러스터1
PL839656,26,5.67,클러스터3
PL839821,2,10.00,클러스터4
PL842727,4,8.25,클러스터4
PL843204,17,5.75,클러스터3
PL844775,5,3.67,클러스터5
PL844948,31,5.17,클러스터1
PL846767,12,2.33,클러스터2
PL848198,6,8.33,클러스터4
PL849292,8,5.11,클러스터5
PL849752,31,5.25,클러스터1
PL850297,1,5.50,클러스터5
PL852196,3,8.33,클러스터4
PL855950,9,4.00,클러스터5
PL856333,18,5.67,클러스터3
PL857529,17,6.67,클러스터3
PL861287,34,4.50,클러스터1
PL861755,20,6.00,클러스터3
PL862175,11,5.09,클러스터5
PL863297,3,6.67,클러스터4
PL863573,44,5.17,클러스터1
PL863680,28,5.50,클러스터3
PL865030,41,4.33,클러스터1
PL865086,2,4.67,클러스터5
PL865678,17,6.92,클러스터3
PL866469,17,6.75,클러스터3
PL867163,30,5.08,클러스터3
PL876202,44,4.17,클러스터1
PL876696,30,5.33,클러스터3
PL876743,7,3.00,클러스터2
PL877142,38,5.00,클러스터1
PL881347,13,2.17,클러스터2
PL883422,4,7.75,클러스터4
PL884593,36,4.33,클러스터1
PL884599,4,8.50,클러스터4
PL886444,4,3.80,클러스터5
PL888478,35,3.92,클러스터1
PL889178,46,3.75,클러스터1
PL889531,18,3.09,클러스터2
PL891875,30,5.42,클러스터3
PL893427,18,4.18,클러스터3
PL894373,8,4.33,클러스터5
PL894962,24,5.75,클러스터3
PL894994,4,7.75,클러스터4
PL900188,39,4.33,클러스터1
PL901751,29,5.25,클러스터3
PL902037,23,6.00,클러스터3
PL902347,29,5.58,클러스터3
PL902543,6,4.71,클러스터5
PL907455,12,3.71,클러스터2
PL907705,9,3.60,클러스터2
PL907890,25,5.75,클러스터3
PL910647,8,3.20,클러스터2
PL912172,46,4.50,클러스터1
PL913199,36,4.67,클러스터1
PL918865,15,7.08,클러스터4
PL920046,47,4.33,클러스터1
PL920204,12,3.00,클러스터2
PL923434,14,7.33,클러스터4
PL923645,11,2.00,클러스터2
PL924048,3,6.33,클러스터5
PL928334,8,4.11,클러스터5
PL928545,47,4.33,클러스터1
PL928577,7,1.00,클러스터2
PL929101,32,4.83,클러스터1
PL929818,43,4.08,클러스터1
PL930272,12,7.42,클러스터4
PL931945,2,4.33,클러스터5
PL937155,2,8.00,클러스터4
PL937719,5,6.00,클러스터5
PL941345,34,4.58,클러스터1
PL941924,37,4.00,클러스터1
PL942936,46,4.58,클러스터1
PL944386,22,6.17,클러스터3
PL944541,9,7.44,클러스터4
PL946134,24,5.17,클러스터3
PL950758,6,3.33,클러스터2
PL952431,4,8.50,클러스터4
PL952460,7,4.00,클러스터5
PL959416,39,5.08,클러스터1
PL959979,11,7.91,클러스터4
PL960961,16,7.00,클러스터3
PL964230,9,7.56,클러스터4
PL964421,20,5.83,클러스터3
PL966052,34,4.58,클러스터1
PL966722,36,4.50,클러스터1
PL967244,41,4.58,클러스터1
PL969360,12,6.83,클러스터4
PL971781,24,6.25,클러스터3
PL975652,27,4.83,클러스터3
PL975826,2,5.33,클러스터5
PL978177,4,4.40,클러스터5
PL980001,34,4.83,클러스터1
PL982189,15,6.75,클러스터3
PL983142,3,8.33,클러스터4
PL983619,2,6.67,클러스터4
PL983707,3,9.33,클러스터4
PL984365,31,5.75,클러스터3
PL987765,12,3.50,클러스터2
PL987832,11,2.60,클러스터2
PL988722,26,6.00,클러스터3
PL988813,21,6.83,클러스터3
PL989164,6,2.00,클러스터2
PL990087,22,6.25,클러스터3
PL990383,12,4.00,클러스터2
PL993952,10,3.67,클러스터2
PL995085,4,4.20,클러스터5
PL995866,4,8.50,클러스터4
PL998358,36,4.50,클러스터1
PL999250,40,4.75,클러스터1
PL999317,2,4.00,클러스터5
TS002058,29,4.75,클러스터3
TS003673,29,4.58,클러스터3
TS006871,4,7.25,클러스터4
TS007439,25,6.17,클러스터3
TS009911,19,5.92,클러스터3
TS011777,6,5.00,클러스터5
TS012757,17,6.83,클러스터3
TS014817,4,3.80,클러스터5
TS018265,6,2.00,클러스터2
TS019328,15,3.73,클러스터2
TS020727,23,6.08,클러스터3
TS021036,31,5.17,클러스터1
TS023216,45,4.25,클러스터1
TS023870,10,4.36,클러스터5
TS025348,5,2.00,클러스터2
TS028201,1,9.00,클러스터4
TS028665,29,4.67,클러스터3
TS032043,21,5.67,클러스터3
TS033156,4,3.00,클러스터2
TS034873,11,6.64,클러스터4
TS035648,3,7.33,클러스터4
TS035920,46,4.75,클러스터1
TS036404,41,4.50,클러스터1
TS037146,23,5.75,클러스터3
TS037478,15,7.33,클러스터4
TS038130,46,4.75,클러스터1
TS039078,6,7.50,클러스터4
TS041114,6,2.00,클러스터2
TS042707,10,3.00,클러스터2
TS044469,26,6.50,클러스터3
TS051818,15,7.92,클러스터4
TS052320,40,4.58,클러스터1
TS056568,10,7.70,클러스터4
TS059971,22,5.25,클러스터3
TS062902,3,7.00,클러스터4
TS063530,32,5.08,클러스터1
TS064860,8,8.75,클러스터4
TS068618,30,5.25,클러스터3
TS068663,20,5.83,클러스터3
TS068752,19,6.00,클러스터3
TS070436,10,8.20,클러스터4
TS070681,23,5.25,클러스터3
TS073726,23,5.83,클러스터3
TS075183,7,4.25,클러스터5
TS076452,30,4.75,클러스터3
TS085215,44,5.25,클러스터1
TS086426,4,8.75,클러스터4
TS087420,8,3.00,클러스터2
TS093084,40,4.33,클러스터1
TS093380,17,6.58,클러스터3
TS094366,8,3.78,클러스터5
TS094459,7,4.38,클러스터5
TS094676,36,5.25,클러스터1
TS098760,33,5.33,클러스터1
TS099117,6,2.75,클러스터2
TS099672,23,5.00,클러스터3
TS099974,1,11.00,클러스터4
TS105753,29,5.50,클러스터3
TS106731,46,4.42,클러스터1
TS114225,6,4.71,클러스터5
TS115038,2,8.00,클러스터4
TS117409,6,5.14,클러스터5
TS121904,30,6.08,클러스터3
TS124176,10,7.80,클러스터4
TS124443,5,4.00,클러스터5
TS126185,39,5.33,클러스터1
TS128180,31,3.92,클러스터1
TS130392,34,4.67,클러스터1
TS132003,17,6.08,클러스터3
TS133757,15,7.92,클러스터4
TS134180,33,4.92,클러스터1
TS138606,27,5.75,클러스터3
TS143759,3,7.67,클러스터4
TS145533,42,4.17,클러스터1
TS145535,2,4.00,클러스터5
TS146087,25,5.08,클러스터3
TS147383,44,3.75,클러스터1
TS150659,22,4.83,클러스터3
TS151776,21,5.42,클러스터3
TS153210,2,7.00,클러스터4
TS159187,43,4.50,클러스터1
TS161188,37,4.75,클러스터1
TS161670,43,5.75,클러스터1
TS165036,38,4.42,클러스터1
TS166191,8,4.67,클러스터5
TS168517,43,4.75,클러스터1
TS169261,8,2.60,클러스터2
TS169717,6,9.00,클러스터4
TS170828,40,4.42,클러스터1
TS173314,10,7.70,클러스터4
TS174464,12,7.25,클러스터4
TS178285,31,5.17,클러스터1
TS179365,46,3.92,클러스터1
TS181112,21,6.00,클러스터3
TS181580,35,4.50,클러스터1
TS184897,34,4.42,클러스터1
TS186053,38,4.75,클러스터1
TS186877,22,6.08,클러스터3
TS187985,30,5.33,클러스터3
TS189978,33,4.92,클러스터1
TS190609,36,4.58,클러스터1
TS200932,46,4.92,클러스터1
TS203709,7,8.14,클러스터4
TS205006,7,4.50,클러스터5
TS205765,20,4.08,클러스터3
TS206784,19,5.83,클러스터3
TS208446,3,4.25,클러스터5
TS208637,9,8.00,클러스터4
TS209540,6,8.17,클러스터4
TS210661,47,4.83,클러스터1
TS213950,23,6.17,클러스터3
TS215058,3,7.00,클러스터4
TS217776,20,6.00,클러스터3
TS218627,7,3.00,클러스터2
TS219429,10,8.30,클러스터4
TS219902,4,8.25,클러스터4
TS220587,35,5.17,클러스터1
TS221696,13,7.58,클러스터4
TS223691,44,4.08,클러스터1
TS228066,13,8.08,클러스터4
TS230934,41,5.42,클러스터1
TS231098,16,6.58,클러스터3
TS235548,10,2.86,클러스터2
TS236568,27,6.25,클러스터3
TS239042,12,3.00,클러스터2
TS242084,2,8.50,클러스터4
TS243124,8,2.00,클러스터2
TS244750,45,4.75,클러스터1
TS246098,19,5.92,클러스터3
TS250479,22,5.42,클러스터3
TS250786,34,5.00,클러스터1
TS252991,22,3.82,클러스터3
TS253407,37,4.50,클러스터1
TS257517,29,5.67,클러스터3
TS258685,25,6.25,클러스터3
TS260662,40,4.58,클러스터1
TS260976,8,8.50,클러스터4
TS268882,35,4.33,클러스터1
TS269350,8,4.50,클러스터5
TS273269,46,3.17,클러스터1
TS277035,17,6.58,클러스터3
TS277529,7,2.75,클러스터2
TS278201,40,4.75,클러스터1
TS279306,4,5.00,클러스터5
TS282078,25,5.42,클러스터3
TS282800,5,5.33,클러스터5
TS283431,37,4.58,클러스터1
TS286542,39,4.75,클러스터1
TS290936,28,5.25,클러스터3
TS294275,33,4.92,클러스터1
TS294433,22,5.83,클러스터3
TS298879,10,2.86,클러스터2
TS299738,6,7.50,클러스터4
TS300891,16,6.83,클러스터3
TS306264,1,11.00,클러스터4
TS310889,11,7.45,클러스터4
TS311478,19,6.25,클러스터3
TS311640,22,4.50,클러스터3
TS315466,7,4.13,클러스터5
TS316311,22,4.83,클러스터3
TS321426,2,5.33,클러스터5
TS321715,42,4.58,클러스터1
TS322238,28,5.58,클러스터3
TS322485,4,2.80,클러스터2
TS324893,33,5.58,클러스터1
TS325787,5,4.17,클러스터5
TS327886,24,5.67,클러스터3
TS331765,23,5.58,클러스터3
TS332485,31,5.67,클러스터3
TS332691,39,4.08,클러스터1
TS333555,39,4.67,클러스터1
TS333942,14,7.00,클러스터4
TS341150,25,5.58,클러스터3
TS342811,10,7.80,클러스터4
TS343738,23,5.67,클러스터3
TS344152,29,5.58,클러스터3
TS345366,5,4.50,클러스터5
TS348223,17,2.50,클러스터2
TS349770,7,3.50,클러스터2
TS349820,20,5.33,클러스터3
TS349914,38,4.25,클러스터1
TS351797,30,5.17,클러스터3
TS352488,4,7.50,클러스터4
TS356315,42,5.08,클러스터1
TS357089,44,4.42,클러스터1
TS357226,5,8.20,클러스터4
TS357747,11,7.91,클러스터4
TS360510,1,6.00,클러스터5
TS361500,29,5.50,클러스터3
TS362101,5,8.00,클러스터4
TS362290,21,5.75,클러스터3
TS364512,43,5.25,클러스터1
TS365322,17,6.50,클러스터3
TS365803,29,5.83,클러스터3
TS369665,38,4.58,클러스터1
TS369884,9,8.11,클러스터4
TS379041,2,9.50,클러스터4
TS381496,37,4.92,클러스터1
TS381681,30,4.42,클러스터1
TS382258,14,7.00,클러스터4
TS383886,2,7.00,클러스터4
TS385275,4,3.00,클러스터2
TS386881,44,4.42,클러스터1
TS388633,4,7.75,클러스터4
TS390923,12,4.33,클러스터5
TS392587,29,5.75,클러스터3
TS394144,27,5.00,클러스터3
TS396028,28,5.42,클러스터3
TS397712,22,3.00,클러스터3
TS407799,8,7.13,클러스터4
TS408289,28,5.08,클러스터3
TS408600,4,3.00,클러스터2
TS409844,16,7.08,클러스터3
TS411019,6,5.14,클러스터5
TS413023,41,5.00,클러스터1
TS413667,33,4.58,클러스터1
TS414581,13,6.67,클러스터4
TS414667,3,4.00,클러스터5
TS416373,25,4.92,클러스터3
TS417170,39,4.00,클러스터1
TS419120,2,8.50,클러스터4
TS419694,9,8.11,클러스터4
TS420082,2,5.00,클러스터5
TS420499,36,4.25,클러스터1
TS426363,40,4.33,클러스터1
TS427167,1,11.00,클러스터4
TS427553,2,4.67,클러스터5
TS428494,18,6.58,클러스터3
TS437647,46,4.67,클러스터1
TS439348,18,6.00,클러스터3
TS440617,45,4.67,클러스터1
TS441989,9,3.33,클러스터2
TS443736,23,3.00,클러스터3
TS447283,10,7.40,클러스터4
TS448652,8,7.38,클러스터4
TS448660,3,9.67,클러스터4
TS454370,18,3.33,클러스터2
TS455361,2,4.00,클러스터5
TS456293,8,8.00,클러스터4
TS457036,9,7.67,클러스터4
TS459568,4,9.50,클러스터4
TS461809,13,7.33,클러스터4
TS465474,11,2.63,클러스터2
TS466629,10,8.50,클러스터4
TS468480,8,2.75,클러스터2
TS469207,4,8.00,클러스터4
TS470645,23,5.42,클러스터3
TS471939,46,4.92,클러스터1
TS476049,15,7.00,클러스터4
TS477224,34,5.00,클러스터1
TS478889,3,7.67,클러스터4
TS483186,2,8.00,클러스터4
TS486027,4,3.80,클러스터5
TS487207,47,4.00,클러스터1
TS488636,33,4.58,클러스터1
TS489018,8,2.60,클러스터2
TS490052,6,5.00,클러스터5
TS492813,19,6.00,클러스터3
TS493191,17,6.75,클러스터3
TS495676,4,8.50,클러스터4
TS504594,38,4.25,클러스터1
TS505679,11,3.50,클러스터2
TS509743,33,4.83,클러스터1
TS510841,12,3.33,클러스터2
TS511179,23,3.00,클러스터3
TS512288,7,4.25,클러스터5
TS515377,12,3.00,클러스터2
TS515806,2,5.67,클러스터5
TS516522,20,5.75,클러스터3
TS518383,15,7.42,클러스터4
TS519969,30,4.17,클러스터1
TS520001,40,4.42,클러스터1
TS522889,24,5.08,클러스터3
TS526480,30,5.42,클러스터3
TS526878,4,7.75,클러스터4
TS532933,25,5.50,클러스터3
TS535917,24,4.92,클러스터3
TS536483,43,4.92,클러스터1
TS536631,38,4.58,클러스터1
TS537121,4,8.25,클러스터4
TS541856,26,5.17,클러스터3
TS544093,7,2.00,클러스터2
TS548118,43,4.42,클러스터1
TS551344,9,4.20,클러스터5
TS554037,45,4.83,클러스터1
TS554434,14,4.30,클러스터2
TS558026,40,4.92,클러스터1
TS560274,11,2.20,클러스터2
TS566915,2,11.50,클러스터4
TS569032,9,8.22,클러스터4
TS569600,14,3.18,클러스터2
TS569923,8,7.63,클러스터4
TS571375,43,4.33,클러스터1
TS572467,3,8.67,클러스터4
TS574471,21,5.75,클러스터3
TS578065,31,4.33,클러스터1
TS578667,23,4.92,클러스터3
TS579641,1,9.00,클러스터4
TS581064,5,4.83,클러스터5
TS594841,3,4.75,클러스터5
TS596869,4,3.80,클러스터5
TS597253,25,5.58,클러스터3
TS598570,4,4.00,클러스터5
TS598952,13,7.42,클러스터4
TS599859,3,11.00,클러스터4
TS600370,31,5.42,클러스터3
TS600511,17,7.00,클러스터3
TS601124,16,6.67,클러스터3
TS602569,3,1.00,클러스터2
TS602767,24,5.75,클러스터3
TS602789,9,7.67,클러스터4
TS609198,4,4.60,클러스터5
TS609478,3,5.00,클러스터5
TS613765,2,7.50,클러스터4
TS614788,2,9.00,클러스터4
TS614929,45,4.42,클러스터1
TS615394,18,6.67,클러스터3
TS617231,10,4.55,클러스터5
TS618494,22,6.58,클러스터3
TS619017,19,1.00,클러스터2
TS621030,43,3.92,클러스터1
TS622804,23,5.75,클러스터3
TS624020,43,5.25,클러스터1
TS624100,13,3.82,클러스터2
TS633741,20,4.18,클러스터3
TS634117,13,4.18,클러스터2
TS634630,10,1.80,클러스터2
TS637007,43,4.25,클러스터1
TS637747,5,2.33,클러스터2
TS640338,42,4.58,클러스터1
TS640510,3,8.67,클러스터4
TS642752,15,4.00,클러스터2
TS643036,32,4.42,클러스터1
TS643755,3,9.33,클러스터4
TS645212,12,4.50,클러스터5
TS647525,2,5.33,클러스터5
TS649822,11,1.00,클러스터2
TS651115,10,2.75,클러스터2
TS651558,3,6.00,클러스터5
TS655367,7,4.13,클러스터5
TS660166,9,4.50,클러스터5
TS660622,40,4.50,클러스터1
TS662949,24,5.50,클러스터3
TS665963,36,4.75,클러스터1
TS667330,9,7.67,클러스터4
TS669690,10,1.00,클러스터2
TS671691,24,4.92,클러스터3
TS672241,1,4.50,클러스터5
TS672566,13,7.08,클러스터4
TS673226,45,4.75,클러스터1
TS675030,44,4.83,클러스터1
TS681471,2,6.33,클러스터5
TS682265,17,7.00,클러스터3
TS684827,3,3.00,클러스터2
TS685717,11,3.33,클러스터2
TS695571,28,5.75,클러스터3
TS695960,4,7.25,클러스터4
TS701801,4,4.60,클러스터5
TS702807,31,4.50,클러스터1
TS703441,13,6.50,클러스터4
TS707101,23,5.58,클러스터3
TS711304,19,6.92,클러스터3
TS712143,13,8.17,클러스터4
TS714045,14,7.25,클러스터4
TS716955,25,6.42,클러스터3
TS717160,31,5.00,클러스터1
TS718154,43,4.58,클러스터1
TS721551,38,3.92,클러스터1
TS722134,8,4.00,클러스터5
TS722194,31,5.00,클러스터1
TS724794,12,4.00,클러스터2
TS724973,5,8.00,클러스터4
TS726881,6,4.86,클러스터5
TS727656,5,4.00,클러스터5
TS731637,17,6.83,클러스터3
TS732743,4,7.25,클러스터4
TS735605,35,3.50,클러스터1
TS736914,11,7.36,클러스터4
TS740757,5,4.67,클러스터5
TS741548,10,3.00,클러스터2
TS741703,3,6.25,클러스터5
TS743507,7,8.00,클러스터4
TS744630,23,5.50,클러스터3
TS749639,27,5.83,클러스터3
TS750599,2,2.00,클러스터2
TS752925,10,8.40,클러스터4
TS753554,35,4.50,클러스터1
TS758130,6,2.00,클러스터2
TS760331,9,3.40,클러스터2
TS761925,9,3.60,클러스터2
TS763203,12,7.33,클러스터4
TS768279,9,4.00,클러스터5
TS772424,7,8.00,클러스터4
TS776409,11,2.50,클러스터2
TS782287,4,1.67,클러스터2
TS783835,23,6.08,클러스터3
TS784450,18,6.58,클러스터3
TS789849,5,4.33,클러스터5
TS790872,6,8.67,클러스터4
TS791664,30,5.17,클러스터3
TS794667,15,4.18,클러스터2
TS795349,9,7.00,클러스터4
TS796460,3,5.75,클러스터5
TS797358,41,4.83,클러스터1
TS798292,7,8.00,클러스터4
TS798437,3,9.33,클러스터4
TS798789,42,4.67,클러스터1
TS800913,15,7.00,클러스터4
TS803328,4,4.80,클러스터5
TS803730,44,4.75,클러스터1
TS803752,9,2.00,클러스터2
TS805246,4,3.75,클러스터5
TS806267,19,6.25,클러스터3
TS807008,26,5.50,클러스터3
TS808526,27,5.75,클러스터3
TS810276,6,5.00,클러스터5
TS810881,19,6.92,클러스터3
TS814460,13,7.42,클러스터4
TS816344,26,5.33,클러스터3
TS816625,4,8.00,클러스터4
TS817249,3,7.67,클러스터4
TS819365,3,4.75,클러스터5
TS821125,27,5.50,클러스터3
TS828794,7,2.60,클러스터2
TS830686,34,5.50,클러스터1
TS832330,41,5.42,클러스터1
TS832950,15,6.58,클러스터3
TS837282,47,5.58,클러스터1
TS837650,20,6.33,클러스터3
TS838496,21,6.25,클러스터3
TS841911,19,3.73,클러스터3
TS842244,3,5.25,클러스터5
TS842808,11,3.80,클러스터2
TS844505,4,3.20,클러스터5
TS848093,7,4.38,클러스터5
TS849234,36,4.17,클러스터1
TS849376,43,4.83,클러스터1
TS853020,10,3.86,클러스터2
TS855951,9,7.22,클러스터4
TS859258,3,2.50,클러스터2
TS859365,24,5.67,클러스터3
TS860353,10,3.90,클러스터2
TS860472,2,6.00,클러스터5
TS861244,44,4.50,클러스터1
TS861788,43,4.67,클러스터1
TS864496,44,4.58,클러스터1
TS865598,11,2.00,클러스터2
TS866911,1,6.50,클러스터4
TS870228,33,4.67,클러스터1
TS871110,17,6.92,클러스터3
TS872315,4,7.75,클러스터4
TS875601,19,6.17,클러스터3
TS877962,19,6.67,클러스터3
TS878534,1,11.00,클러스터4
TS878897,2,9.50,클러스터4
TS882329,26,4.75,클러스터3
TS883038,22,5.42,클러스터3
TS884681,7,3.40,클러스터2
TS885968,22,6.08,클러스터3
TS886985,12,4.25,클러스터2
TS887795,31,5.17,클러스터1
TS893503,4,3.80,클러스터5
TS894938,10,3.91,클러스터2
TS895361,21,5.50,클러스터3
TS904692,30,5.67,클러스터3
TS905807,1,8.00,클러스터4
TS906632,6,4.71,클러스터5
TS910887,10,7.30,클러스터4
TS913591,32,4.58,클러스터1
TS915632,21,3.00,클러스터2
TS917520,11,7.27,클러스터4
TS917884,9,9.22,클러스터4
TS918434,1,5.00,클러스터5
TS919144,11,2.71,클러스터2
TS921837,9,4.00,클러스터5
TS922639,42,4.67,클러스터1
TS922944,25,5.33,클러스터3
TS925357,16,2.00,클러스터2
TS925945,37,4.42,클러스터1
TS926301,1,8.00,클러스터4
TS931749,13,7.25,클러스터4
TS932607,7,3.33,클러스터2
TS935488,8,8.25,클러스터4
TS935837,29,5.83,클러스터3
TS937124,27,5.25,클러스터3
TS938383,12,3.45,클러스터2
TS938916,31,4.75,클러스터1
TS941110,14,6.67,클러스터4
TS942640,2,6.00,클러스터5
TS945284,47,4.58,클러스터1
TS945403,7,8.57,클러스터4
TS948747,22,5.33,클러스터3
TS949361,10,7.90,클러스터4
TS950243,4,8.00,클러스터4
TS951395,7,4.13,클러스터5
TS952924,33,5.17,클러스터1
TS953790,15,8.17,클러스터4
TS957381,29,5.00,클러스터3
TS958195,3,9.67,클러스터4
TS958303,3,8.33,클러스터4
TS959147,39,4.92,클러스터1
TS959961,46,5.00,클러스터1
TS960107,4,8.50,클러스터4
TS963433,5,4.17,클러스터5
TS963437,32,4.75,클러스터1
TS964483,10,7.90,클러스터4
TS966353,19,6.00,클러스터3
TS969622,14,6.75,클러스터4
TS971314,1,5.50,클러스터5
TS972175,18,6.17,클러스터3
TS973306,12,2.75,클러스터2
TS974079,22,6.08,클러스터3
TS975153,27,5.58,클러스터3
TS977703,12,7.00,클러스터4
TS978415,9,8.67,클러스터4
TS979550,6,8.00,클러스터4
TS982240,18,3.00,클러스터2
TS982817,21,5.92,클러스터3
TS985617,7,9.14,클러스터4
TS989364,15,7.00,클러스터4
TS989482,17,4.91,클러스터3
TS993439,1,6.50,클러스터4
TS995238,4,8.00,클러스터4
TS995299,43,4.50,클러스터1
TS995853,2,9.50,클러스터4
TS998593,7,8.14,클러스터4
TS999079,34,4.92,클러스터1
TS999231,25,4.67,클러스터3
TS999855,24,4.58,클러스터3
